id,uid,name,category,cls,ppp,ppp_known,sold,per_day,sell_days,zero_share,resid_ratio,resid_net,bought,buys,packs14,cost,margin,gp,reasons
60,1de00f32-f909-4014-bea9-b3d1335007ce,CASTLE LITE,Beer,A,20,True,5232.0,87.2,60,0.0,0.09568261376896149,-150.0,5320.0,43,61.04,1650.0,107.54969418960245,562700.0,
3,d4255240-12be-4d63-9742-3f2771f2cd15,PEPSI && MIRINDA,SODA,B,24,True,4760.0,79.33333333333333,58,0.0,0.9874146757679181,223.0,4728.0,11,46.27777777777777,533.33,51.10377941176485,243253.9900000007,hesabu hailingani 99% ya mauzo
72,a02aeee4-d7ee-4ef5-890f-6d396b4089f0,SAFARI LAGER,Beer,A,20,True,4578.0,76.3,60,0.037037037037037035,0.13055181695827725,-66.0,4620.0,46,53.410000000000004,1650.0,103.16732197466142,472300.0,
50,83de9080-50cf-4b4f-919e-53474e80883a,SAFARI LAGER 500ML,Beer,A,20,True,3769.0,62.81666666666667,56,0.05555555555555555,0.06813246471226928,1.0,3740.0,36,43.97166666666667,1924.98,146.5045927301673,552175.8100000005,
69,35117a3d-0540-442e-9dec-31c78a485980,SERENGETI LITE,Beer,A,25,True,3468.0,57.8,53,0.018518518518518517,0.06337209302325582,-114.0,3625.0,35,32.367999999999995,1576.0,130.45905420991926,452432.0,
68,afb57fa2-2f40-4da3-963a-7d71f5bf4842,SERENGETI LAGER,Beer,A,20,True,3211.0,53.516666666666666,56,0.0,0.18641896220371557,-116.0,3280.0,38,37.461666666666666,1540.0,115.54101837433821,371002.20999999996,
25,aef4d66c-951e-4707-8416-485875852e55,COCA && FANTA,SODA,B,24,True,2811.0,46.85,57,0.0,1.5566037735849056,-236.0,2760.0,8,27.329166666666666,533.33,63.254845250800464,177809.3700000001,hesabu hailingani 156% ya mauzo
70,cd08ed95-bf55-4f47-acc3-bdb242db01b5,KILIMANJARO,Beer,A,20,True,2578.0,42.96666666666667,52,0.0,0.13853503184713375,-16.0,2580.0,32,30.076666666666664,1650.0,95.34522885958107,245800.0,
46,eba11889-9acb-4ac1-99b8-662d9cdd8464,SERENGETI LEMON,Beer,A,20,True,1859.0,30.983333333333334,49,0.018518518518518517,0.12784880489160644,-8.0,1900.0,30,21.688333333333333,1525.0,147.9424421732114,275025.0,
12,35997201-2a18-4bbf-a9fe-bf425716ecb5,SERENGETI LAGER kb,Beer,A,20,True,879.0,14.65,37,0.14814814814814814,0.03418803418803419,-10.0,860.0,14,10.254999999999999,1898.55,199.85506257110364,175672.6000000001,
40,a0a912fb-6597-4d38-87c0-a0bf406de0c2,SINGSUNG MAJI,MAJI,C,12,True,659.0,10.983333333333333,10,0.7962962962962963,0.36722306525037934,0.0,660.0,5,12.813888888888888,366.67,90.082655538695,59364.47,stock 0 siku 80%; inauzwa siku 10/60
9,717f6f75-efaa-4d52-8b29-6725912648dd,Castle Lite Can 330ML,Beer,A,24,True,632.0,10.533333333333333,45,0.07407407407407407,0.06303236797274275,-27.0,624.0,21,6.144444444444445,2125.0,208.86075949367088,132000.0,
5,72700016-971c-450f-b155-48e3af704fe0,KILIMANJARO LAGER,Beer,C,20,True,582.0,9.7,21,0.18518518518518517,0.3524904214559387,2.0,500.0,8,6.789999999999999,1924.93,98.02360824742246,57049.739999999874,inauzwa siku 21/60
13,99a671ac-c2d6-4aa0-b1d1-c9d2eac230ba,KONYAGI,SPIRIT,A,24,True,523.0,8.716666666666667,50,0.12962962962962962,0.011472275334608031,0.0,528.0,22,5.084722222222222,3833.33,544.2990630975141,284668.4099999999,
11,d522af8d-a513-44ca-9d5c-b921de477870,AFYA MAJI 600ML,MAJI,C,12,True,498.0,8.3,26,0.3333333333333333,0.3459915611814346,-42.0,504.0,6,9.683333333333335,316.67,38.751686746988,19298.340000000026,stock 0 siku 33%; inauzwa siku 26/60
27,dbb956de-2ddf-42f4-b2d8-f8a56753c934,FLY FISH LEMON 330ML,Beer,A,20,True,497.0,8.283333333333333,35,0.0,0.0262582056892779,-2.0,460.0,10,5.798333333333334,1600.0,223.94366197183098,111300.0,
49,caaedca5-dc8c-4547-bf9a-fbcebce74501,AFYA,MAJI,C,6,True,311.0,5.183333333333334,25,0.5555555555555556,0.2604501607717042,-7.0,318.0,6,12.094444444444443,716.67,71.11135048231513,22115.630000000005,stock 0 siku 56%; inauzwa siku 25/60
98,8a94f654-9655-428f-bab2-8746bb693e3c,COCA & FANTA AWAY,SODA,C,12,True,282.0,4.7,13,0.4444444444444444,1.371841155234657,0.0,360.0,2,5.483333333333333,816.67,71.62787234042553,20199.059999999998,stock 0 siku 44%; inauzwa siku 13/60
47,79e94ab4-3989-4092-8e3e-f9a5d84ec919,GRAND MALTA,NON-ALCHOLIC,A,24,True,265.0,4.416666666666667,39,0.037037037037037035,0.0,0.0,288.0,12,2.576388888888889,2125.0,312.10890566037773,82708.8600000001,
97,0d5690cb-50cf-4d29-9576-d37bafaff37e,CUCA,SPIRIT,C,30,True,240.0,4.0,6,0.7222222222222222,0.875,-90.0,330.0,7,1.8666666666666667,1866.67,133.33000000000004,31999.20000000001,stock 0 siku 72%; inauzwa siku 6/60
10,537fd6bb-99fb-44d7-9461-346b40f77902,HANSON CHOICE 200ML,BRAND,C,30,True,209.0,3.4833333333333334,19,0.4074074074074074,0.15311004784688995,-30.0,210.0,7,1.6255555555555554,3500.0,409.09090909090907,85500.0,stock 0 siku 41%; inauzwa siku 19/60
6,3a34e9ca-347e-4362-bbea-c19af5bd23af,BRUTA FRUIT 330ML,Beer,C,24,True,192.0,3.2,23,0.2962962962962963,0.0,0.0,192.0,8,1.866666666666667,3171.23,460.6342187500001,88441.77000000002,inauzwa siku 23/60
38,41e7127a-69d0-4a70-9624-6250c691cda1,HEINEKEN,Beer,C,24,True,179.0,2.9833333333333334,26,0.0,0.11377245508982035,-1.0,168.0,7,1.7402777777777778,3178.05,446.28078212290507,79884.26000000001,inauzwa siku 26/60
32,a057d613-fb37-4984-9a24-2472f67703f9,KONYAGI kt,SPIRIT,A,16,True,144.0,2.4,43,0.018518518518518517,0.1111111111111111,0.0,144.0,9,2.1,8000.0,881.9444444444445,127000.0,
8,26f53e6a-4a21-4484-9a7e-cd79abdbf949,REDS CAN 330ML,Beer,C,24,True,107.0,1.7833333333333334,15,0.1111111111111111,0.5887850467289719,-1.0,132.0,6,1.0402777777777779,2125.0,248.83102803738302,26624.919999999984,inauzwa siku 15/60
33,d0d16e3c-8a94-45ee-82af-2d595f50e339,KONYAGI 750ML,SPIRIT,A,12,True,102.0,1.7,39,0.0,0.03,-1.0,96.0,8,1.9833333333333334,10250.0,2073.529411764706,211500.0,
95,a9aad4e1-b1e1-4cf9-a0f8-a32c5bfb4ebc,SEQUAR,MAJI,C,12,True,95.0,1.5833333333333333,11,0.5555555555555556,0.5054945054945055,0.0,96.0,3,1.847222222222222,708.33,171.66747368421042,16308.409999999989,stock 0 siku 56%; inauzwa siku 11/60
20,189eb64f-a7a7-45ab-a833-cf84a2ff5560,TZEE lemon && Ginger 200ML,GIN,C,24,True,87.0,1.45,23,0.16666666666666666,1.735632183908046,3.0,96.0,3,0.8458333333333333,4166.67,1132.1805747126432,98499.70999999996,inauzwa siku 23/60; pakiti 0.85/siku 14
19,42efc759-2ba8-4a96-a3b5-c023d4836eeb,SAVANA 330ML,Beer,C,24,True,77.0,1.2833333333333334,11,0.018518518518518517,0.014084507042253521,-1.0,96.0,4,0.7486111111111112,3343.02,327.94649350649354,25251.880000000005,inauzwa siku 11/60; pakiti 0.75/siku 14
26,79340c74-8471-4080-8f6e-a4ea7ed841cc,KILIMANJARO LIGHT 330ML,Beer,C,24,True,74.0,1.2333333333333334,14,0.07407407407407407,16.39189189189189,1.0,72.0,3,0.7194444444444444,1929.17,449.1847297297299,33239.67000000001,inauzwa siku 14/60; pakiti 0.72/siku 14
137,7e95ddd7-a929-4d51-92d2-9018986e2b21,Azam Malt Coffee,JUICE,C,24,True,72.0,1.2,1,1.0,0.0,0.0,72.0,1,0.7000000000000001,508.33,33.33666666666664,2400.239999999998,stock 0 siku 100%; inauzwa siku 1/60; pakiti 0.70/siku 14
74,44cc3664-8554-4261-84c7-d5b595ed103f,PEPSI TAKE AWAY,SODA,C,12,True,48.0,0.8,2,0.8888888888888888,0.08333333333333333,0.0,48.0,1,0.9333333333333335,866.67,49.99666666666659,2399.8399999999965,stock 0 siku 89%; inauzwa siku 2/60; pakiti 0.93/siku 14
94,d14c52d7-fad0-4caf-9602-cb57308e4634,AZAM JUICE,JUICE,C,6,True,43.0,0.7166666666666667,19,0.2037037037037037,0.0,0.0,42.0,3,1.6722222222222223,3166.67,670.5411627906981,28833.27000000002,inauzwa siku 19/60
139,0cce6549-ea7e-49fd-9c78-237169ebf0bd,Plisner Lager,Beer,C,20,True,40.0,0.6666666666666666,1,1.0,0.0,0.0,40.0,1,0.4666666666666666,1405.0,95.0,3800.0,stock 0 siku 100%; inauzwa siku 1/60; pakiti 0.47/siku 14
39,11da0ce2-ad48-4338-bb59-29b8888b7f25,WINDOK,Beer,C,24,True,39.0,0.65,8,0.0,0.02564102564102564,-1.0,48.0,2,0.37916666666666665,3095.83,596.4776923076925,23262.630000000005,inauzwa siku 8/60; pakiti 0.38/siku 14
115,018107e6-4c42-4495-aca0-42bc672b66b0,MO ENERGY,Energy,C,12,True,32.0,0.5333333333333333,8,0.7037037037037037,0.5,0.0,24.0,1,0.6222222222222222,433.33,151.04500000000002,4833.4400000000005,stock 0 siku 70%; inauzwa siku 8/60; pakiti 0.62/siku 14
17,f9602f66-dde5-4f51-a45a-45063d3693bc,CAPTAIN MOGRAN 200ML,BRAND,C,24,True,31.0,0.5166666666666667,14,0.3148148148148148,3.096774193548387,0.0,48.0,2,0.30138888888888893,4041.67,1151.8929032258068,35708.68000000001,stock 0 siku 31%; inauzwa siku 14/60; pakiti 0.30/siku 14
118,1596bd03-aee2-4f28-bb40-b7be5f816d59,BALTIKA,Beer,C,24,True,29.0,0.48333333333333334,15,0.37037037037037035,0.0,0.0,24.0,1,0.28194444444444444,3166.67,764.7641379310346,22178.160000000003,stock 0 siku 37%; inauzwa siku 15/60; pakiti 0.28/siku 14
16,d6817412-4a94-4e54-9c23-c14b69dfc4f9,DESPERADO 200ML,Beer,C,24,True,26.0,0.43333333333333335,3,0.05555555555555555,42.46153846153846,0.0,48.0,2,0.25277777777777777,3250.0,371.7646153846156,9665.880000000005,inauzwa siku 3/60; pakiti 0.25/siku 14
135,800b98a8-0b45-46f4-a95b-9825db75e617,AZAM APPLE PUNCH,JUICE,C,24,True,24.0,0.4,1,1.0,0.0,0.0,24.0,1,0.23333333333333336,437.5,20.833333333333332,500.0,stock 0 siku 100%; inauzwa siku 1/60; pakiti 0.23/siku 14
136,404696f4-02c6-470e-87e8-9172218f3fd5,Azam Energy Chupa,Energy,C,24,True,24.0,0.4,1,1.0,0.0,0.0,24.0,1,0.23333333333333336,520.83,41.669999999999995,1000.0799999999999,stock 0 siku 100%; inauzwa siku 1/60; pakiti 0.23/siku 14
140,eefd1dfc-cd15-4c00-bef3-4d68ab35d192,BASEMBI,Beer,C,24,True,24.0,0.4,1,0.6666666666666666,0.0,0.0,24.0,1,0.23333333333333336,1208.33,208.33666666666673,5000.080000000002,stock 0 siku 67%; inauzwa siku 1/60; pakiti 0.23/siku 14
24,2c9e1039-0571-4d5a-a700-e51aa4443688,K VANT 250ML,SPIRIT,C,24,True,23.0,0.38333333333333336,10,0.0,0.0,0.0,24.0,1,0.22361111111111112,3375.0,527.1739130434783,12125.0,inauzwa siku 10/60; pakiti 0.22/siku 14
52,9735c9d3-20c3-4baf-9f99-1bbb1cea5583,KONYAGI YA KUPIMA,SPIRIT,C,1,False,23.0,0.38333333333333336,7,0.7592592592592593,3.391304347826087,10.0,13.0,1,5.366666666666667,1000.0,391.30434782608694,9000.0,KUPIMA
21,8c8d5178-76cc-484c-a3c1-08fbf6e83e65,KILIMANJARO CAN,Beer,C,24,True,21.0,0.35,7,0.35185185185185186,0.0,0.0,48.0,2,0.20416666666666664,2125.0,232.3714285714287,4879.800000000003,stock 0 siku 35%; inauzwa siku 7/60; pakiti 0.20/siku 14
88,84697ea6-be73-41de-894d-ad2e50d0e543,SERENGETI APPLE,Beer,C,20,True,20.0,0.3333333333333333,1,0.9444444444444444,0.0,0.0,0.0,0,0.2333333333333333,2400.0,100.0,2000.0,stock 0 siku 94%; inauzwa siku 1/60; pakiti 0.23/siku 14
123,81ac08da-e3d7-4e8c-b223-13c22720fe93,Safari Lager Can,Beer,C,24,True,19.0,0.31666666666666665,5,0.6851851851851852,0.21052631578947367,0.0,24.0,1,0.18472222222222223,2125.0,243.42105263157896,4625.0,stock 0 siku 69%; inauzwa siku 5/60; pakiti 0.18/siku 14
81,1fc07651-6521-4d2d-8303-29ebaf55fcc5,IMAGI,Beer,C,24,True,17.0,0.2833333333333333,5,0.37037037037037035,0.0,0.0,24.0,1,0.16527777777777777,3354.17,881.1241176470588,14979.11,stock 0 siku 37%; inauzwa siku 5/60; pakiti 0.17/siku 14
138,f53cd136-28c2-4ae9-82c9-5b0dc4d0d780,KILIMANJARO light CAN,Beer,C,24,True,16.0,0.26666666666666666,2,0.0,0.75,4.0,48.0,2,0.15555555555555556,2125.0,250.0,4000.0,inauzwa siku 2/60; pakiti 0.16/siku 14
42,4f1e0e76-231b-4907-b77b-087b526f3a71,BLACK AND WHITE 200ML,WISKY,C,24,True,15.0,0.25,12,0.0,2.4,0.0,12.0,1,0.14583333333333334,8271.0,1729.0,25935.0,inauzwa siku 12/60; pakiti 0.15/siku 14
83,038b3a95-e943-4415-8bc3-e272133dc605,JB RARE,WISKY,C,24,True,15.0,0.25,5,0.3333333333333333,0.0,0.0,12.0,1,0.14583333333333334,11500.0,1500.0,22500.0,stock 0 siku 33%; inauzwa siku 5/60; pakiti 0.15/siku 14
14,28afaa64-fa65-4f80-8a2b-8dc0445eced3,CAPTAIN MORGAN 750ML,BRAND,C,12,True,10.0,0.16666666666666666,8,0.0,0.2222222222222222,0.0,0.0,0,0.19444444444444442,16166.67,2633.329999999999,26333.29999999999,inauzwa siku 8/60; pakiti 0.19/siku 14
44,e4dac066-b60d-42e4-beb3-a91072f8ae46,BAVARIA SMART TAKE AWAY,Beer,C,24,True,10.0,0.16666666666666666,5,0.5740740740740741,0.2,0.0,0.0,0,0.09722222222222221,3000.0,1150.0,11500.0,stock 0 siku 57%; inauzwa siku 5/60; pakiti 0.10/siku 14
4,bc99e42e-3e31-4e0b-989c-4243437de568,TZEE LEMON && GINGER 750ML,SPIRIT,C,12,True,8.0,0.13333333333333333,7,0.3333333333333333,3.0,0.0,12.0,1,0.15555555555555556,12000.0,5375.0,43000.0,stock 0 siku 33%; inauzwa siku 7/60; pakiti 0.16/siku 14
125,5d0a33ea-e8dc-4f68-a04a-481c2ba2c85a,Drostdy Off,Beer,C,12,True,8.0,0.13333333333333333,5,0.018518518518518517,0.0,0.0,3.0,1,0.15555555555555556,7357.14,1031.2525000000005,8250.020000000004,inauzwa siku 5/60; pakiti 0.16/siku 14
130,b5b8c4c4-32b0-48a5-b717-20a2236d5e60,HILL WATER SPARKLE,Beer,C,12,True,8.0,0.13333333333333333,5,0.0,0.0,0.0,0.0,0,0.15555555555555556,833.33,666.67,5333.36,inauzwa siku 5/60; pakiti 0.16/siku 14
30,fe22ac68-816f-4f07-b743-e0a014d20221,BLACK AND WHITE,WISKY,C,12,True,7.0,0.11666666666666667,6,0.2962962962962963,0.2857142857142857,0.0,6.0,1,0.1361111111111111,20583.33,4416.717142857141,30917.01999999999,inauzwa siku 6/60; pakiti 0.14/siku 14
57,6350d449-8aa6-436b-b36f-a42f6d17f413,GORDONS,SPIRIT,C,24,True,7.0,0.11666666666666667,6,0.0,0.0,0.0,12.0,1,0.06805555555555555,10812.6,3329.971428571429,23309.800000000003,inauzwa siku 6/60; pakiti 0.07/siku 14
67,040b1b1e-d1e2-4b6d-b7f3-98d763f396a0,DROSTDY OFF,Wines,C,12,True,6.0,0.1,5,0.1111111111111111,0.0,0.0,3.0,1,0.11666666666666668,14000.0,4500.0,27000.0,inauzwa siku 5/60; pakiti 0.12/siku 14
73,8200201c-d256-4749-a4a8-c3cb477aa128,MAGIC MOMENTS,GIN,C,1,False,5.0,0.08333333333333333,5,0.6851851851851852,0.2,-1.0,7.0,5,1.1666666666666665,11000.0,4200.0,21000.0,stock 0 siku 69%; inauzwa siku 5/60
23,6a0697be-e071-4316-bb93-669774b77e6f,K VANT,SPIRIT,C,12,True,4.0,0.06666666666666667,4,0.0,0.0,0.0,0.0,0,0.07777777777777778,8166.0,1834.0,7336.0,inauzwa siku 4/60; pakiti 0.08/siku 14
2,88405a3d-b86d-410e-b373-d0e2b45aaa9c,IMAGE RED 250ML,Wines,C,24,True,3.0,0.05,2,0.8518518518518519,0.6666666666666666,0.0,0.0,0,0.02916666666666667,3791.67,1208.33,3624.99,stock 0 siku 85%; inauzwa siku 2/60; pakiti 0.03/siku 14
28,9104b367-8ffe-4308-923f-be692be6b7c2,FOUR  COUSIN 75OML,Wines,C,12,True,3.0,0.05,3,0.0,0.0,0.0,3.0,1,0.05833333333333334,15000.0,3666.6666666666665,11000.0,inauzwa siku 3/60; pakiti 0.06/siku 14
43,a8a0c7bd-a1d0-4421-ad0c-626309f77a3b,ZAWADIBU,Wines,C,12,True,3.0,0.05,1,0.37037037037037035,0.0,0.0,0.0,0,0.05833333333333334,14500.0,500.0,1500.0,stock 0 siku 37%; inauzwa siku 1/60; pakiti 0.06/siku 14
86,c2f1f43d-c42c-4153-b137-d269bfce9a8b,DOMPO,Wines,C,12,True,3.0,0.05,3,0.2962962962962963,1.6666666666666667,-1.0,8.0,2,0.05833333333333334,12000.0,2000.0,6000.0,inauzwa siku 3/60; pakiti 0.06/siku 14
128,886dc1ed-2793-453c-bc9f-2c1e251ec5de,JAGGER MASTER,Beer,C,6,True,3.0,0.05,3,0.7962962962962963,7.666666666666667,-9.0,12.0,2,0.11666666666666668,8833.33,49500.003333333334,148500.01,stock 0 siku 80%; inauzwa siku 3/60; pakiti 0.12/siku 14
34,169cb08a-49d7-463a-aa60-80557958a86a,CHROME,SPIRIT,C,12,True,2.0,0.03333333333333333,1,0.0,0.0,0.0,0.0,0,0.03888888888888889,10500.0,4500.0,9000.0,inauzwa siku 1/60; pakiti 0.04/siku 14
35,9fc8d777-deec-42a8-8558-8bc691b826d9,BALLANTINES  200ML,SPIRIT,C,24,True,2.0,0.03333333333333333,2,0.0,0.0,0.0,0.0,0,0.019444444444444445,15000.0,6500.0,13000.0,inauzwa siku 2/60; pakiti 0.02/siku 14
41,6ed445e8-3cd4-4e5c-a0ca-1e77ed3fd7bb,HANS CHOICE,BRAND,C,12,True,2.0,0.03333333333333333,2,0.8703703703703703,0.0,0.0,6.0,1,0.03888888888888889,10500.0,500.0,1000.0,stock 0 siku 87%; inauzwa siku 2/60; pakiti 0.04/siku 14
63,7c0b5906-3d16-4979-af63-0806c3280e7b,IMAGE,Wines,C,12,True,2.0,0.03333333333333333,2,0.0,0.0,0.0,0.0,0,0.03888888888888889,10000.0,3500.0,7000.0,inauzwa siku 2/60; pakiti 0.04/siku 14
77,4d727520-1a98-4c92-8bbc-45941cb94c35,JAGER MASTER,Beer,C,1,False,2.0,0.03333333333333333,2,0.5,0.0,0.0,2.0,2,0.4666666666666667,42000.0,3000.0,6000.0,stock 0 siku 50%; inauzwa siku 2/60; pakiti 0.47/siku 14
87,133eaed5-c456-4900-81f7-c5379c77bc0f,DODOMA WINE,Wines,C,12,True,2.0,0.03333333333333333,2,0.0,1.5,1.0,0.0,0,0.03888888888888889,10000.0,4000.0,8000.0,inauzwa siku 2/60; pakiti 0.04/siku 14
89,237ad08e-5e9d-4795-8860-bbca61198097,MAGICMOMENTS,WISKY,C,1,False,2.0,0.03333333333333333,2,0.14814814814814814,0.0,0.0,3.0,2,0.4666666666666667,20000.0,7000.0,14000.0,inauzwa siku 2/60; pakiti 0.47/siku 14
96,6dc452f6-38fc-418a-8f3a-8f3831dafc0f,JAGGER MASTER,WISKY,C,1,False,2.0,0.03333333333333333,2,0.5925925925925926,0.0,0.0,2.0,2,0.4666666666666667,20000.0,5500.0,11000.0,stock 0 siku 59%; inauzwa siku 2/60; pakiti 0.47/siku 14
103,d4bdfda8-f6f7-4604-9478-9c4f473d2455,MA-LOT CHUPA,Wines,C,12,True,2.0,0.03333333333333333,2,0.0,0.5,-1.0,0.0,0,0.03888888888888889,8000.0,3500.0,7000.0,inauzwa siku 2/60; pakiti 0.04/siku 14
109,0b6cd39d-a506-41df-8215-b9953640f731,TAN PORT,Wines,C,1,False,2.0,0.03333333333333333,2,0.46296296296296297,0.0,0.0,0.0,0,0.4666666666666667,5000.0,2500.0,5000.0,stock 0 siku 46%; inauzwa siku 2/60; pakiti 0.47/siku 14
119,09b1cc7e-0217-4bbb-919c-90d36e3815ca,SMIRNOFF ICE,Beer,C,25,True,2.0,0.03333333333333333,1,0.0,0.0,0.0,0.0,0,0.018666666666666668,2360.0,640.0,1280.0,inauzwa siku 1/60; pakiti 0.02/siku 14
134,a339cdb8-f12d-4992-9f8e-ada755c45b41,ORIJIN BITTERS,SPIRIT,C,24,True,2.0,0.03333333333333333,2,0.0,0.0,0.0,12.0,1,0.019444444444444445,4166.7,1333.3000000000002,2666.6000000000004,inauzwa siku 2/60; pakiti 0.02/siku 14
15,a7e2df66-4c30-4ba3-b755-9e4de55e2527,TZEE GIN 200ML,GIN,C,24,True,1.0,0.016666666666666666,1,0.0,1.0,1.0,0.0,0,0.009722222222222222,3625.0,1375.0,1375.0,inauzwa siku 1/60; pakiti 0.01/siku 14
54,ddb9ba66-dff9-4ac7-8be4-d9c76139dfdd,ABSOLUTE VODKA,WISKY,C,24,True,1.0,0.016666666666666666,1,0.0,0.0,0.0,0.0,0,0.009722222222222222,16000.0,2000.0,2000.0,inauzwa siku 1/60; pakiti 0.01/siku 14
59,fd9877ee-e6bd-4cfd-bd9d-20ca46a762ed,GREPA WINE,Wines,C,10,True,1.0,0.016666666666666666,1,0.0,11.0,-1.0,5.0,2,0.023333333333333334,25000.0,5000.0,5000.0,inauzwa siku 1/60; pakiti 0.02/siku 14
75,1f73a682-6e35-4d0d-a0b4-868ee82cf370,RENDEZ CHAMPAIGNE,Wines,C,12,True,1.0,0.016666666666666666,1,0.0,2.0,0.0,0.0,0,0.019444444444444445,11000.0,5000.0,5000.0,inauzwa siku 1/60; pakiti 0.02/siku 14
79,6d5cf8a1-c862-4239-ac65-effbd3c2dbc6,Moon Light Kupima,WISKY,C,1,False,1.0,0.016666666666666666,1,0.7407407407407407,63.0,-9.0,10.0,1,0.23333333333333334,2000.0,6000.0,6000.0,KUPIMA
92,d9bcd98f-c1b4-4eb3-b894-f146927c431f,SAINT ANNA,Wines,C,1,False,1.0,0.016666666666666666,1,0.2222222222222222,0.0,0.0,0.0,0,0.23333333333333334,13000.0,2000.0,2000.0,inauzwa siku 1/60; pakiti 0.23/siku 14
93,77886d87-4121-49ec-8e64-47f052e04aa8,ALTAR WINE,Wines,C,1,False,1.0,0.016666666666666666,1,0.6481481481481481,4.0,0.0,0.0,0,0.23333333333333334,12000.0,3000.0,3000.0,stock 0 siku 65%; inauzwa siku 1/60; pakiti 0.23/siku 14
100,4453f20a-679a-44da-a801-0c4909e12de0,JAGER MASTER,VODKA,C,1,False,1.0,0.016666666666666666,1,0.8703703703703703,0.0,0.0,2.0,2,0.23333333333333334,29000.0,7000.0,7000.0,stock 0 siku 87%; inauzwa siku 1/60; pakiti 0.23/siku 14
120,48bbeac3-5982-403c-8525-a22378389b54,GRANTS NO GLASS,WISKY,C,1,False,1.0,0.016666666666666666,1,0.4074074074074074,0.0,0.0,0.0,0,0.23333333333333334,29000.0,7000.0,7000.0,stock 0 siku 41%; inauzwa siku 1/60; pakiti 0.23/siku 14
124,c8e8ae3b-0bdd-4e2c-a8a9-00e222879c0e,JOHN WALKER RED LABEL,Beer,C,1,False,1.0,0.016666666666666666,1,0.5740740740740741,0.0,0.0,0.0,0,0.23333333333333334,13500.0,2500.0,2500.0,stock 0 siku 57%; inauzwa siku 1/60; pakiti 0.23/siku 14
132,5d7d63c0-f2ed-4dfe-be99-e8bbcfe6560b,FOUR COUSIN DREAM CREAM,Beer,C,12,True,1.0,0.016666666666666666,1,0.0625,0.0,0.0,2.0,2,0.019444444444444445,27000.0,5000.0,5000.0,inauzwa siku 1/60; pakiti 0.02/siku 14
36,0987efeb-2515-432f-82dc-2f528a8a0759,CAMINO KUPIMA,WISKY,C,1,False,0.0,0.0,0,0.9074074074074074,inf,1.0,0.0,0,0.0,1000.0,0.0,0.0,KUPIMA
65,714047f9-ce06-4a7c-a06b-2bfdcbbf9b10,GOLDEN KING KUPIMA,SPIRIT,C,1,False,0.0,0.0,0,0.7777777777777778,inf,0.0,0.0,0,0.0,1000.0,0.0,0.0,KUPIMA
66,cc2bd10f-bc97-4bc5-adb1-0303554721f8,GILBEYS KUPIMA,GIN,C,1,False,0.0,0.0,0,0.8333333333333334,inf,0.0,0.0,0,0.0,1000.0,0.0,0.0,KUPIMA
78,5ec16c39-0abf-45d3-a6df-8780c2fcc95a,SMIRNOFF VODKA,Beer,C,1,False,0.0,0.0,0,0.6296296296296297,0.0,0.0,12.0,1,0.0,9333.33,0.0,0.0,stock 0 siku 63%; inauzwa siku 0/60; pakiti 0.00/siku 14
84,20558b97-8329-46b7-bb75-ecb180d84fed,JB RARE,WISKY,C,12,True,0.0,0.0,0,0.6111111111111112,0.0,0.0,6.0,1,0.0,31500.0,0.0,0.0,stock 0 siku 61%; inauzwa siku 0/60; pakiti 0.00/siku 14
91,963c32b4-0429-4c4c-9569-6400c61aea9e,WINE ZA KUPIMA,Wines,C,1,False,0.0,0.0,0,0.8148148148148148,inf,1.0,0.0,0,0.0,500.0,0.0,0.0,KUPIMA
133,6f26ca86-fcee-4647-b352-435d19954766,ORIJIN BITTERS,SPIRIT,C,12,True,0.0,0.0,0,0.0,0.0,0.0,6.0,1,0.0,12000.0,0.0,0.0,inauzwa siku 0/60; pakiti 0.00/siku 14
