date,budget,limit,wanted,ordered,cut,cut_items,pool_after,actual,actual_all,recon_status
2026-08-05,500473.1183870968,395473.1183870968,623469.0,390498.0,232971.0,5,4975.118387096794,732600.0,837600.0,APPROVED
2026-08-06,845473.1183870968,623648.2375741936,670841.52,578841.6,91999.92,1,44806.63757419365,996499.9992,1223299.9984,APPROVED
2026-08-07,586673.1183870968,579479.7551612904,843597.04,572797.4400000001,270799.6,4,6682.315161290346,412000.0,464000.0008,APPROVED
2026-08-08,639223.1183870968,386505.41934838716,806498.24,370098.32,436399.92,5,16407.099348387157,391400.0,650800.0142,APPROVED
2026-08-09,1092973.1183870968,1109380.217735484,1056670.92,1056670.92,0,0,52709.297735484084,882799.98,882799.98,APPROVED
2026-08-10,878473.1183870968,904182.4161225809,313771.0,313771.0,0,0,590411.4161225809,940299.9992,967299.9992,APPROVED
2026-08-11,969473.1183870968,1559884.5345096777,824939.76,824939.76,0,0,734944.7745096777,580000.0,580000.0,APPROVED
2026-08-12,170473.11838709677,905417.8928967745,293299.44,293299.44,0,0,612118.4528967745,0.0,0.0,APPROVED
2026-08-13,730973.1183870968,1316091.5712838713,476199.44,476199.44,0,0,839892.1312838714,729100.0,756100.0,APPROVED
2026-08-14,784473.1183870968,1624365.2496709682,988240.56,988240.56,0,0,636124.6896709681,1034399.9992,1034399.9992,APPROVED
2026-08-15,713973.1183870968,1350097.808058065,525069.48,525069.48,0,0,825028.3280580649,0.0,0.0,APPROVED
2026-08-16,958473.1183870968,1473401.4394451617,695199.12,695199.12,0,0,778202.3194451617,1313400.0,1623500.007,APPROVED
2026-08-17,979973.1183870968,1427175.3578322586,547097.68,547097.68,0,0,880077.6778322585,1241999.9872,1573000.0672,APPROVED
2026-08-18,290473.1183870968,1170550.7962193554,354798.4,354798.4,0,0,815752.3962193554,191999.988,191999.988,APPROVED
2026-08-19,994473.1183870968,1810225.514606452,996211.0,996211.0,0,0,814014.5146064521,836499.9992,836499.9992,APPROVED
2026-08-20,330973.1183870968,1144987.6329935489,134970.6,134970.6,0,0,1000000,0.0,0.0,APPROVED
2026-08-21,854473.1183870968,1591473.1191870968,1262038.72,1262038.72,0,0,329434.39918709686,1085799.9992,1348799.9984,APPROVED
2026-08-22,1030473.1183870968,1018107.5383741937,1091399.04,968399.04,123000.0,1,49708.498374193674,461400.0,803199.9792,APPROVED
2026-08-23,916973.1183870968,966681.6167612905,578598.72,578598.72,0,0,388082.8967612905,0.0,0.0,APPROVED
2026-08-24,1259973.1183870968,1415055.6159483874,783699.12,783699.12,0,0,631356.4959483874,1528299.9992,1761300.3984,APPROVED
2026-08-25,1589473.1183870968,2025829.6147354841,1282039.44,1282039.44,0,0,743790.1747354842,1539999.9744,1734999.974,APPROVED
2026-08-26,1377473.1183870968,2121263.293122581,1307395.6,1307395.6,0,0,813867.6931225811,1168700.0,1168700.0,SUBMITTED
2026-08-27,1301973.1183870968,2115840.811509678,852869.4,852869.4,0,0,1000000,1098599.9992,1098599.9992,SUBMITTED
2026-08-28,1147473.1183870968,2042473.1183870968,1236310.84,1236310.84,0,0,806162.2783870967,765500.0,870500.0,APPROVED
2026-08-29,1094973.1183870968,1580935.3875741935,1325597.44,1325597.44,0,0,255337.9475741936,1304399.984,1624599.9932,APPROVED
2026-08-30,1838473.1183870968,2093811.0659612904,1258497.84,1258497.84,0,0,835313.2259612903,1157299.9992,1157299.9992,APPROVED
2026-08-31,945973.1183870968,1601986.3451483871,603297.92,603297.92,0,0,998688.4251483871,1180900.0,1360199.9992,APPROVED
2026-09-01,996731.1829032258,1731119.608051613,1098297.36,1098297.36,0,0,632822.2480516129,615500.0,879800.0,APPROVED
2026-09-02,788231.1829032258,1240053.3449548385,786798.4,786798.4,0,0,453254.9449548385,1008199.9784,1189200.0644,APPROVED
2026-09-03,1119731.1829032258,1572986.1278580641,1108598.72,1108598.72,0,0,464387.40785806417,624100.0,624100.0,APPROVED
2026-09-04,771231.1829032258,1235618.59076129,1102797.12,1102797.12,0,0,132821.47076128982,951200.0,951200.0,APPROVED
2026-09-05,1965731.1829032258,2018552.6544645156,1446499.84,1446499.84,0,0,572052.8144645155,1286999.9992,1366999.9984,APPROVED
2026-09-06,762731.1829032258,1334783.9973677413,246099.6,246099.6,0,0,1000000,204799.9872,204799.9872,APPROVED
2026-09-07,1223731.1829032258,1741431.1833032258,898898.96,898898.96,0,0,842532.2233032258,1457999.9984,1940299.998,APPROVED
2026-09-08,1204231.1829032258,2046763.4062064516,1052966.92,1052966.92,0,0,993796.4862064517,1223599.976,1223599.976,APPROVED
2026-09-09,982231.1829032258,1827527.6691096774,683098.48,683098.48,0,0,1000000,886699.9984,1035199.9984,APPROVED
2026-09-10,810231.1829032258,1318231.1769032257,1157198.0,1157198.0,0,0,161033.1769032257,1193999.9872,1685999.9932,APPROVED
2026-09-11,1012731.1829032258,932014.3998064515,1602107.32,918894.4,683212.92,8,13119.999806451495,619000.0,860749.96,APPROVED
2026-09-12,1380731.1829032258,1073551.1805096772,1565111.96,1068699.04,496412.92,7,4852.14050967712,1011100.0,1331400.0022,APPROVED
2026-09-13,1319731.1829032258,1110583.3222129028,782411.32,782411.32,0,0,328172.0022129029,841900.0,1055900.0012,APPROVED
2026-09-14,792731.1829032258,1120903.1851161285,485599.92,485599.92,0,0,635303.2651161286,675000.0,675000.0,APPROVED
2026-09-15,1337931.1829032258,1797934.4472193543,898870.28,898870.28,0,0,899064.1672193543,1315699.988,1490999.9888,APPROVED
2026-09-16,595631.1829032258,1494695.35012258,616499.2,616499.2,0,0,878196.1501225801,0.0,0.0,APPROVED
2026-09-17,1269731.1829032258,1929627.332425806,1365480.56,1365480.56,0,0,564146.7724258059,1582499.9832,1800799.9838,APPROVED
2026-09-18,1339131.1829032258,1799777.9553290317,1439266.76,1439266.76,0,0,360511.1953290317,1005700.0,1109200.0,APPROVED
2026-09-19,1154731.1829032258,1359242.3782322574,686597.76,686597.76,0,0,672644.6182322574,912499.9832,1068499.9832,APPROVED
2026-09-20,1034631.1829032258,1431275.6403354832,758000.0,758000.0,0,0,673275.6403354832,1064900.0,1340900.1608,APPROVED
2026-09-21,1678331.1829032258,2188606.8212387087,1373497.6,1373497.6,0,0,815109.2212387086,1370499.9992,1533500.0012,APPROVED
2026-09-22,1061731.1829032258,1522540.4041419344,1292980.56,1292980.56,0,0,229559.8441419343,1077799.988,1432099.988,APPROVED
2026-09-23,1131731.1829032258,1115391.0176451602,1145969.88,1053969.96,91999.92,1,61421.05764516024,472200.0,718100.0094,APPROVED
2026-09-24,529731.1829032258,426152.240548386,974598.56,417798.72000000003,556799.84,7,8353.520548385975,646500.0,811500.0,APPROVED
2026-09-25,1482231.1829032258,1412584.7024516119,1708699.12,1394199.2,314499.92,4,18385.502451611916,1228000.0,1306000.001,APPROVED
2026-09-26,1267231.1829032258,1170116.6853548377,1384299.36,1164299.44,219999.91999999998,2,5817.245354837738,1074599.9904,1190099.9904,APPROVED
2026-09-27,1621231.1829032258,1498048.4282580635,835799.92,835799.92,0,0,662248.5082580635,1419600.0,1548600.0,APPROVED
2026-09-28,1509231.1829032258,1713779.688561289,574470.28,574470.28,0,0,1000000,1141899.9992,1599600.0018,SUBMITTED
2026-09-29,895731.1829032258,1671731.1769032257,508198.8,508198.8,0,0,1000000,928499.9824,1152499.9884,APPROVED
2026-09-30,1323731.1829032258,2163731.183303226,1551097.12,1551097.12,0,0,612634.0633032257,1089999.984,1249999.9836,APPROVED
2026-10-01,1124872.2223333332,1675506.281636559,1422496.96,1422496.96,0,0,253009.32163655898,585999.9992,648000.0032,APPROVED
2026-10-02,1094872.2223333332,1076629.5431698922,1015141.2,1015141.2,0,0,61488.34316989221,854500.0,1125752.0008,APPROVED
2026-10-03,1375872.2223333332,1388360.5655032254,1011397.92,1011397.92,0,0,376962.6455032254,1289399.9992,1338399.9992,SUBMITTED
