config,cls,n,sim_so,act_so,lost_value,sim_stock,act_stock,sim_peak,act_peak,sim_buy,act_buy,sim_end,act_end,cut_value,sim_strict,act_strict
A1/B1.5 z=0 tomorrow +peak budget=none,A,14,203,32,10353836.500693183,571751.6057407408,1409454.3892592592,1198677.3257407409,2211568.624814815,38591156.6,49985876.44,330821.92,0.0,0.0,418,155
A1/B1.5 z=0 tomorrow +peak budget=none,B,2,21,0,466372.24287489813,75081.01222222223,257292.21907407412,132917.68777777778,331247.31240740744,3391978.8,3993575.04,62399.61,0.0,0.0,60,9
A1/B1.5 z=0.5 tomorrow +peak budget=none,A,14,125,32,5498333.383840095,775790.3442592592,1409454.3892592592,1480337.556111111,2211568.624814815,43359787.839999996,49985876.44,594009.87,0.0,0.0,353,155
A1/B1.5 z=0.5 tomorrow +peak budget=none,B,2,15,0,198412.31156244906,96917.91277777779,257292.21907407412,159969.37055555556,331247.31240740744,3660777.12,3993575.04,87999.45000000001,0.0,0.0,50,9
A1/B1.5 z=1 tomorrow +peak budget=none,A,14,72,32,2909078.591891011,1021227.8985185185,1409454.3892592592,1767980.6007407408,2211568.624814815,46141554.44,49985876.44,976414.15,0.0,0.0,286,155
A1/B1.5 z=1 tomorrow +peak budget=none,B,2,6,0,71299.73846909727,120591.8388888889,257292.21907407412,186013.65222222224,331247.31240740744,3801576.24,3993575.04,113599.29000000001,0.0,0.0,36,9
A1.5/B2 z=0 tomorrow +peak budget=none,A,14,105,32,4118630.2274874817,866395.257962963,1409454.3892592592,1594543.4994444444,2211568.624814815,44968743.44,49985876.44,909964.49,0.0,0.0,334,155
A1.5/B2 z=0 tomorrow +peak budget=none,B,2,14,0,184385.9008565667,100917.8877777778,257292.21907407412,164443.4166666667,331247.31240740744,3686376.96,3993575.04,100799.37,0.0,0.0,48,9
A1.5/B2 z=0.5 tomorrow +peak budget=none,A,14,47,32,1788170.0625465503,1193478.8825925926,1409454.3892592592,1964559.3107407407,2211568.624814815,47524752.44,49985876.44,1312545.75,0.0,0.0,230,155
A1.5/B2 z=0.5 tomorrow +peak budget=none,B,2,3,0,32605.598369530424,129895.48444444445,257292.21907407412,196502.4755555556,331247.31240740744,3865575.840000001,3993575.04,142399.11000000002,0.0,0.0,35,9
A1.5/B2 z=1 tomorrow +peak budget=none,A,14,23,32,872799.3135879267,1495864.821851852,1409454.3892592592,2281676.9366666665,2211568.624814815,48651763.44,49985876.44,1589690.35,0.0,0.0,158,155
A1.5/B2 z=1 tomorrow +peak budget=none,B,2,2,0,17118.69452468768,160038.5059259259,257292.21907407412,227593.63925925927,331247.31240740744,3903975.6000000006,3993575.04,166932.29,0.0,0.0,22,9
A2/B3 z=0 tomorrow +peak budget=none,A,14,46,32,1671736.9511661304,1232792.9461111112,1409454.3892592592,2008932.089074074,2211568.624814815,47663152.04,49985876.44,1338345.75,0.0,0.0,220,155
A2/B3 z=0 tomorrow +peak budget=none,B,2,1,0,8352.187833511207,161045.90703703705,257292.21907407412,229786.21814814815,331247.31240740744,3929575.4400000004,3993575.04,184532.18000000002,0.0,0.0,24,9
A2/B3 z=0.5 tomorrow +peak budget=none,A,14,22,32,866715.3543736362,1608597.158888889,1409454.3892592592,2400494.4514814815,2211568.624814815,49006362.96,49985876.44,1937789.99,0.0,0.0,138,155
A2/B3 z=0.5 tomorrow +peak budget=none,B,2,0,0,0.0,199445.66703703706,257292.21907407412,268897.08481481485,331247.31240740744,3980775.12,3993575.04,228265.24,0.0,0.0,14,9
A2/B3 z=1 tomorrow +peak budget=none,A,14,8,32,368999.4950500598,2029943.7962962964,1409454.3892592592,2827001.657037037,2211568.624814815,49764804.16,49985876.44,2241477.68,0.0,0.0,71,155
A2/B3 z=1 tomorrow +peak budget=none,B,2,0,0,0.0,236186.17814814817,257292.21907407412,306585.7381481482,331247.31240740744,4019174.88,3993575.04,266665.0,0.0,0.0,8,9
A3/B4 z=0 tomorrow +peak budget=none,A,14,15,32,569793.0646362046,2022967.3196296296,1409454.3892592592,2831447.3996296297,2211568.624814815,49866533.16,49985876.44,2523599.43,0.0,0.0,82,155
A3/B4 z=0 tomorrow +peak budget=none,B,2,0,0,0.0,225282.5425925926,257292.21907407412,295445.06703703705,331247.31240740744,4006374.96,3993575.04,253865.08000000002,0.0,0.0,11,9
A3/B4 z=0.5 tomorrow +peak budget=none,A,14,4,32,190834.3122266369,2506448.7062962963,1409454.3892592592,3326883.7870370373,2211568.624814815,50605974.36,49985876.44,2918476.88,0.0,0.0,34,155
A3/B4 z=0.5 tomorrow +peak budget=none,B,2,0,0,0.0,270319.29814814817,257292.21907407412,341667.00037037046,331247.31240740744,4057574.6400000006,3993575.04,305064.76,0.0,0.0,4,9
A3/B4 z=1 tomorrow +peak budget=none,A,14,3,32,101274.1090799835,2991590.195925926,1409454.3892592592,3826035.83,2211568.624814815,51319944.56,49985876.44,3549147.08,0.0,0.0,19,155
A3/B4 z=1 tomorrow +peak budget=none,B,2,0,0,0.0,316304.195925926,257292.21907407412,388363.00481481483,331247.31240740744,4108774.3200000003,3993575.04,356264.44000000006,0.0,0.0,1,9
A1/B1.5 z=0 sum +peak budget=none,A,14,197,32,10249739.47060661,575719.7138888888,1409454.3892592592,1193035.6316666666,2211568.624814815,38720426.4,49985876.44,363821.92,0.0,0.0,407,155
A1/B1.5 z=0 sum +peak budget=none,B,2,20,0,522769.5112785644,75258.7888888889,257292.21907407412,130725.1088888889,331247.31240740744,3340779.1200000006,3993575.04,62399.61,0.0,0.0,61,9
A1/B1.5 z=0.5 sum +peak budget=none,A,14,120,32,5843096.944966055,789929.699074074,1409454.3892592592,1483589.8901851852,2211568.624814815,43207787.44,49985876.44,766934.69,0.0,0.0,358,155
A1/B1.5 z=0.5 sum +peak budget=none,B,2,15,0,240783.169260233,98093.21407407409,257292.21907407412,159248.38740740743,331247.31240740744,3622377.3600000003,3993575.04,87999.45000000001,0.0,0.0,51,9
A1/B1.5 z=1 sum +peak budget=none,A,14,74,32,3409688.5616473053,1037703.4251851852,1409454.3892592592,1763199.2644444446,2211568.624814815,45711654.84,49985876.44,1014309.13,0.0,0.0,292,155
A1/B1.5 z=1 sum +peak budget=none,B,2,7,0,85326.14917497963,123120.21814814815,257292.21907407412,187830.92481481482,331247.31240740744,3814376.16,3993575.04,139199.13,0.0,0.0,36,9
A1.5/B2 z=0 sum +peak budget=none,A,14,108,32,4533748.355522033,869192.6431481482,1409454.3892592592,1581797.769814815,2211568.624814815,44646714.44,49985876.44,977184.29,0.0,0.0,338,155
A1.5/B2 z=0 sum +peak budget=none,B,2,15,0,226756.75855435064,100937.64074074075,257292.21907407412,162803.92074074075,331247.31240740744,3647977.2,3993575.04,100799.37,0.0,0.0,48,9
A1.5/B2 z=0.5 sum +peak budget=none,A,14,48,32,1975734.461696406,1190904.2825925925,1409454.3892592592,1946022.2937037037,2211568.624814815,47396452.44,49985876.44,1355646.73,0.0,0.0,228,155
A1.5/B2 z=0.5 sum +peak budget=none,B,2,5,0,57273.32776321491,129796.71962962963,257292.21907407412,195455.56851851853,331247.31240740744,3839975.9999999995,3993575.04,139199.13,0.0,0.0,35,9
A1.5/B2 z=1 sum +peak budget=none,A,14,25,32,1041783.9280427414,1505756.8337037037,1409454.3892592592,2276511.5633333335,2211568.624814815,48676963.76,49985876.44,1771816.27,0.0,0.0,157,155
A1.5/B2 z=1 sum +peak budget=none,B,2,2,0,17118.69452468768,160038.50592592594,257292.21907407412,226408.4614814815,331247.31240740744,3903975.6000000006,3993575.04,166932.29,0.0,0.0,19,9
A2/B3 z=0 sum +peak budget=none,A,14,48,32,1727358.0143085886,1247685.4883333333,1409454.3892592592,2005632.0387037038,2211568.624814815,47637452.04,49985876.44,1362270.69,0.0,0.0,214,155
A2/B3 z=0 sum +peak budget=none,B,2,2,0,17118.69452468768,160275.54148148152,257292.21907407412,227119.5681481482,331247.31240740744,3916775.5199999996,3993575.04,179732.21000000002,0.0,0.0,20,9
A2/B3 z=0.5 sum +peak budget=none,A,14,21,32,918278.3864686023,1621124.0462962964,1409454.3892592592,2396782.458888889,2211568.624814815,48978062.95999999,49985876.44,1957489.87,0.0,0.0,134,155
A2/B3 z=0.5 sum +peak budget=none,B,2,0,0,0.0,198734.5603703704,257292.21907407412,267000.8003703704,331247.31240740744,3967975.2000000007,3993575.04,215465.32,0.0,0.0,12,9
A2/B3 z=1 sum +peak budget=none,A,14,9,32,402179.92111274204,2032295.3162962964,1409454.3892592592,2812447.091851852,2211568.624814815,49764804.16,49985876.44,2272217.68,0.0,0.0,68,155
A2/B3 z=1 sum +peak budget=none,B,2,0,0,0.0,238319.49814814815,257292.21907407412,306585.7381481482,331247.31240740744,4006374.96,3993575.04,253865.08000000002,0.0,0.0,8,9
A3/B4 z=0 sum +peak budget=none,A,14,18,32,588859.4560477484,2004029.964074074,1409454.3892592592,2790808.1951851854,2211568.624814815,49714833.16,49985876.44,2387639.43,0.0,0.0,84,155
A3/B4 z=0 sum +peak budget=none,B,2,0,0,0.0,224571.43592592597,257292.21907407412,293785.81814814813,331247.31240740744,3980775.1199999996,3993575.04,228265.24,0.0,0.0,9,9
A3/B4 z=0.5 sum +peak budget=none,A,14,4,32,165740.00017696887,2497170.455925926,1409454.3892592592,3299075.915925926,2211568.624814815,50543474.36,49985876.44,2830376.88,0.0,0.0,34,155
A3/B4 z=0.5 sum +peak budget=none,B,2,0,0,0.0,268423.0137037037,257292.21907407412,338348.5025925926,331247.31240740744,4031974.8,3993575.04,279464.92000000004,0.0,0.0,4,9
A3/B4 z=1 sum +peak budget=none,A,14,3,32,66210.76264049025,2983466.2151851854,1409454.3892592592,3797122.981111111,2211568.624814815,51322444.56,49985876.44,3518647.08,0.0,0.0,22,155
A3/B4 z=1 sum +peak budget=none,B,2,0,0,0.0,311089.4137037037,257292.21907407412,382674.1514814815,331247.31240740744,4095974.3999999994,3993575.04,343464.52,0.0,0.0,0,9
A2/B3 z=0.25 tomorrow +peak budget=none,A,14,28,32,1154369.6045402724,1406364.5385185184,1409454.3892592592,2194825.888888889,2211568.624814815,48416121.839999996,49985876.44,1613470.35,0.0,0.0,171,155
A2/B3 z=0.25 tomorrow +peak budget=none,B,2,0,0,0.0,179297.64481481485,257292.21907407412,248749.0625925926,331247.31240740744,3955175.2800000003,3993575.04,202665.40000000002,0.0,0.0,18,9
A2/B3 z=0.75 tomorrow +peak budget=none,A,14,15,32,594085.9629820603,1829888.7074074072,1409454.3892592592,2622348.42,2211568.624814815,49406704.559999995,49985876.44,2087518.08,0.0,0.0,97,155
A2/B3 z=0.75 tomorrow +peak budget=none,B,2,0,0,0.0,218408.5114814815,257292.21907407412,288096.96481481486,331247.31240740744,3993575.04,3993575.04,241065.16,0.0,0.0,11,9
A2/B3 z=0 tomorrow +peak budget=day,A,14,134,32,5803412.625990912,1018895.775,1409454.3892592592,1708981.5342592592,2211568.624814815,43925398.24,49985876.44,1330715.76,0.0,15885951.92,314,155
A2/B3 z=0 tomorrow +peak budget=day,B,2,4,0,118296.2795196811,150794.11925925929,257292.21907407412,216452.96814814815,331247.31240740744,3814376.16,3993575.04,168532.28000000003,0.0,601596.24,29,9
A2/B3 z=0 tomorrow +peak budget=pool<=0.5M,A,14,80,32,2875032.0108862394,1157346.2333333334,1409454.3892592592,1899661.8451851853,2211568.624814815,46573781.28,49985876.44,1341020.76,0.0,6101780.2,259,155
A2/B3 z=0 tomorrow +peak budget=pool<=0.5M,B,2,1,0,8352.187833511207,159623.69370370373,257292.21907407412,227889.93370370375,331247.31240740744,3929575.4400000004,3993575.04,184532.18000000002,0.0,102399.36000000002,25,9
A2/B3 z=0 tomorrow +peak budget=pool<=1M,A,14,57,32,1914881.8387066398,1207438.217962963,1409454.3892592592,1973339.009074074,2211568.624814815,47432381.04,49985876.44,1326945.75,0.0,2145083.92,231,155
A2/B3 z=0 tomorrow +peak budget=pool<=1M,B,2,1,0,8352.187833511207,161045.90703703705,257292.21907407412,229312.14703703707,331247.31240740744,3929575.4400000004,3993575.04,184532.18000000002,0.0,25599.840000000004,25,9
A2/B3 z=0 tomorrow +peak budget=pool,A,14,48,32,1671736.9511661304,1232005.9090740741,1409454.3892592592,2007200.6075925927,2211568.624814815,47663152.04,49985876.44,1338345.75,0.0,102000.0,220,155
A2/B3 z=0 tomorrow +peak budget=pool,B,2,1,0,8352.187833511207,161045.90703703705,257292.21907407412,229786.21814814815,331247.31240740744,3929575.4400000004,3993575.04,184532.18000000002,0.0,0.0,24,9
A2/B3 z=0.5 tomorrow +peak budget=day,A,14,103,32,4171798.7570591387,1333112.358148148,1409454.3892592592,2050398.8566666667,2211568.624814815,45675309.08,49985876.44,1580923.03,0.0,20221927.279999997,232,155
A2/B3 z=0.5 tomorrow +peak budget=day,B,2,5,0,92629.7974889196,187811.17185185186,257292.21907407412,254655.19851851853,331247.31240740744,3891175.6800000006,3993575.04,221865.28000000003,0.0,716795.5200000001,20,9
A2/B3 z=0.5 tomorrow +peak budget=pool<=0.5M,A,14,53,32,1850630.76422321,1491601.9290740741,1409454.3892592592,2252521.9838888887,2211568.624814815,47995292.12,49985876.44,1818078.32,0.0,7968534.48,178,155
A2/B3 z=0.5 tomorrow +peak budget=pool<=0.5M,B,2,0,0,0.0,197312.34703703708,257292.21907407412,265815.6225925926,331247.31240740744,3980775.12,3993575.04,228265.24,0.0,166398.96000000002,15,9
A2/B3 z=0.5 tomorrow +peak budget=pool<=1M,A,14,27,32,1030804.6979891518,1547655.2537037036,1409454.3892592592,2331732.7144444445,2211568.624814815,48813592.04,49985876.44,1891790.03,0.0,3454096.2800000003,150,155
A2/B3 z=0.5 tomorrow +peak budget=pool<=1M,B,2,0,0,0.0,198497.52481481485,257292.21907407412,267711.9070370371,331247.31240740744,3980775.12,3993575.04,228265.24,0.0,63999.600000000006,15,9
A2/B3 z=0.5 tomorrow +peak budget=pool,A,14,24,32,899826.174741123,1581773.2574074075,1409454.3892592592,2371896.4759259257,2211568.624814815,48975562.96,49985876.44,1937789.99,0.0,1413970.68,142,155
A2/B3 z=0.5 tomorrow +peak budget=pool,B,2,0,0,0.0,198497.52481481485,257292.21907407412,267474.8714814815,331247.31240740744,3980775.12,3993575.04,228265.24,0.0,76799.52000000002,15,9
