id,name,cls,per_day,ppp,so_sim,so_act,lost,stock_sim,stock_act,stock_sim_days,stock_act_days,stock_sim_value,stock_act_value,buy_sim_crates,buy_act_crates,buy_sim_value,buy_act_value,order_days,act_buy_days,cut_days,cut_value,os_days,os_sug_crates,os_act_crates,os_short,os_more,os_less,os_same,os_inconsistent
60,CASTLE LITE,A,87.2,20,1,0,12.0,117.20370370370371,104.94444444444444,1.3440791709140334,1.2034913353720693,193386.11111111112,173158.33333333334,262.0,266.0,8646000.0,8778000.0,59,43,0,0.0,54,270.0,218.0,0,28,15,11,0
3,PEPSI && MIRINDA,B,79.33333333333333,24,0,0,0.0,204.5,280.1666666666667,2.577731092436975,3.531512605042017,109065.98500000002,149421.28833333336,202.0,197.0,2585583.84,2521584.24,43,11,1,51199.68000000001,54,212.0,197.0,0,25,10,19,1
72,SAFARI LAGER,A,76.3,20,3,2,194.0,113.4074074074074,91.51851851851852,1.4863356147759819,1.199456337071016,187122.22222222222,151005.55555555556,223.0,231.0,7359000.0,7623000.0,55,46,1,99000.0,54,257.0,200.0,3,26,14,14,1
50,SAFARI LAGER 500ML,A,62.81666666666667,20,2,3,12.0,107.12962962962963,72.98148148148148,1.705433212464255,1.1618171634090975,206222.39444444445,140487.89222222223,188.0,187.0,7237924.799999999,7199425.2,48,36,0,0.0,54,265.0,174.0,1,37,11,6,1
69,SERENGETI LITE,A,57.8,25,0,1,0.0,97.94444444444444,92.81481481481481,1.6945405613225684,1.6057926438549275,154360.44444444444,146276.14814814815,140.0,145.0,5516000.0,5713000.0,52,35,3,197000.0,54,139.0,125.0,0,24,15,15,0
68,SERENGETI LAGER,A,53.516666666666666,20,2,0,36.0,80.77777777777777,72.48148148148148,1.5093947887470154,1.354372123602893,124397.77777777777,111621.48148148147,161.0,164.0,4958800.0,5051200.0,45,38,5,492800.0,54,179.0,143.0,1,28,11,15,1
25,COCA && FANTA,B,46.85,24,0,0,0.0,167.6851851851852,202.25925925925927,3.579192853472469,4.317166686430293,89431.53981481482,107870.93074074075,109.0,115.0,1395191.2800000003,1471990.8,38,8,1,12799.920000000002,54,101.0,115.0,0,24,8,22,1
70,KILIMANJARO,A,42.96666666666667,20,1,0,14.0,64.70370370370371,77.81481481481481,1.505904663391087,1.8110507714852166,106761.11111111112,128394.44444444444,128.0,129.0,4224000.0,4257000.0,47,32,7,561000.0,54,105.0,111.0,1,18,21,15,0
46,SERENGETI LEMON,A,30.983333333333334,20,3,1,68.0,50.27777777777778,47.22222222222222,1.6227362381208534,1.5241169087322932,76673.61111111111,72013.88888888889,92.0,95.0,2806000.0,2897500.0,41,30,4,274500.0,54,100.0,72.0,1,22,10,22,1
12,SERENGETI LAGER kb,A,14.65,20,6,10,65.0,44.370370370370374,31.01851851851852,3.0286942232334724,2.117305018328909,84239.36666666667,58890.208333333336,39.0,43.0,1480869.0,1632753.0,21,14,3,265797.0,54,88.0,40.0,1,26,6,22,0
9,Castle Lite Can 330ML,A,10.533333333333333,24,3,4,48.0,27.0,35.111111111111114,2.5632911392405062,3.3333333333333335,57375.0,74611.11111111112,23.0,26.0,1173000.0,1326000.0,20,21,3,204000.0,54,22.0,24.0,1,8,11,35,0
13,KONYAGI,A,8.716666666666667,24,1,7,12.0,20.74074074074074,13.38888888888889,2.379434884214999,1.5360101975780753,79506.1037037037,51324.029444444444,22.0,22.0,2023998.2399999995,2023998.24,22,22,9,827999.2800000001,54,42.0,21.0,0,22,2,30,0
27,FLY FISH LEMON 330ML,A,8.283333333333333,20,3,0,45.0,30.185185185185187,25.925925925925927,3.6440867426782924,3.129890453834116,48296.2962962963,41481.48148148148,20.0,23.0,640000.0,736000.0,16,10,3,128000.0,54,38.0,20.0,2,27,8,19,0
47,GRAND MALTA,A,4.416666666666667,24,1,2,6.0,18.77777777777778,26.0,4.251572327044025,5.886792452830188,39902.77777777778,55250.0,12.0,12.0,612000.0,612000.0,12,12,3,153000.0,54,6.0,11.0,0,1,6,47,0
32,KONYAGI kt,A,2.4,16,0,2,0.0,12.833333333333334,11.5,5.347222222222222,4.791666666666667,102666.66666666667,92000.0,9.0,9.0,1152000.0,1152000.0,9,9,1,128000.0,54,17.0,7.0,0,10,0,44,0
33,KONYAGI 750ML,A,1.7,12,1,0,4.0,8.462962962962964,11.018518518518519,4.978213507625273,6.481481481481482,86745.37037037038,112939.81481481482,8.0,8.0,984000.0,984000.0,8,8,1,123000.0,54,6.0,7.0,0,2,3,49,0
