id,name,category,cls,qty,cost,value,last_sale,days_since,sold30,sold60,cover_days,action
84,JB RARE,WISKY,C,6.0,31500.0,189000.0,2026-07-06,89,0.0,0.0,,rudisha / punguza bei; acha kuagiza
19,SAVANA 330ML,Beer,C,43.0,3343.02,143749.86,2026-10-03,0,54.0,77.0,33.506493506493506,sawa
57,GORDONS,SPIRIT,C,13.0,10812.6,140563.80000000002,2026-09-24,9,4.0,7.0,111.42857142857143,acha kuagiza hadi stock ishuke
5,KILIMANJARO LAGER,Beer,C,60.0,1924.93,115495.8,2026-10-03,0,382.0,582.0,6.185567010309279,sawa
78,SMIRNOFF VODKA,Beer,C,12.0,9333.33,111999.95999999999,2026-08-04,60,0.0,0.0,,rudisha / punguza bei; acha kuagiza
42,BLACK AND WHITE 200ML,WISKY,C,13.0,8271.0,107523.0,2026-10-01,2,7.0,15.0,52.0,acha kuagiza hadi stock ishuke
17,CAPTAIN MOGRAN 200ML,BRAND,C,26.0,4041.67,105083.42,2026-09-30,3,19.0,31.0,50.32258064516129,acha kuagiza hadi stock ishuke
34,CHROME,SPIRIT,C,10.0,10500.0,105000.0,2026-09-11,22,2.0,2.0,300.0,punguza bei; acha kuagiza
108,SMIRNOFF ORANGE,VODKA,-,25.0,4125.0,103125.0,,,0.0,0.0,,rudisha / punguza bei; acha kuagiza
59,GREPA WINE,Wines,C,4.0,25000.0,100000.0,2026-09-30,3,1.0,1.0,240.0,punguza bei; acha kuagiza
82,TULLYS,Wines,-,11.0,8300.0,91300.0,2026-03-30,187,0.0,0.0,,rudisha / punguza bei; acha kuagiza
20,TZEE lemon && Ginger 200ML,GIN,C,21.0,4166.67,87500.07,2026-09-30,3,51.0,87.0,14.482758620689655,sawa
106,OLDEN WINE,Wines,-,10.0,8500.0,85000.0,2026-05-27,129,0.0,0.0,,rudisha / punguza bei; acha kuagiza
16,DESPERADO 200ML,Beer,C,24.0,3250.0,78000.0,2026-09-16,17,24.0,26.0,55.38461538461538,acha kuagiza hadi stock ishuke
98,COCA & FANTA AWAY,SODA,C,95.0,816.67,77583.65,2026-10-03,0,100.0,282.0,20.21276595744681,sawa
138,KILIMANJARO light CAN,Beer,C,36.0,2125.0,76500.0,2026-10-02,1,16.0,16.0,135.0,punguza bei; acha kuagiza
23,K VANT,SPIRIT,C,9.0,8166.0,73494.0,2026-10-03,0,3.0,4.0,135.0,punguza bei; acha kuagiza
86,DOMPO,Wines,C,6.0,12000.0,72000.0,2026-09-25,8,2.0,3.0,120.0,acha kuagiza hadi stock ishuke
133,ORIJIN BITTERS,SPIRIT,C,6.0,12000.0,72000.0,,,0.0,0.0,,rudisha / punguza bei; acha kuagiza
102,MA-LOT BOX WINE,Wines,-,2.0,35000.0,70000.0,,,0.0,0.0,,rudisha / punguza bei; acha kuagiza
38,HEINEKEN,Beer,C,21.0,3178.05,66739.05,2026-10-03,0,106.0,179.0,7.039106145251396,sawa
64,GOLDEN KING,SPIRIT,-,8.0,8166.0,65328.0,,,0.0,0.0,,rudisha / punguza bei; acha kuagiza
21,KILIMANJARO CAN,Beer,C,30.0,2125.0,63750.0,2026-09-18,15,18.0,21.0,85.71428571428572,acha kuagiza hadi stock ishuke
8,REDS CAN 330ML,Beer,C,28.0,2125.0,59500.0,2026-10-02,1,70.0,107.0,15.700934579439252,sawa
39,WINDOK,Beer,C,19.0,3095.83,58820.77,2026-09-24,9,16.0,39.0,29.23076923076923,sawa
24,K VANT 250ML,SPIRIT,C,17.0,3375.0,57375.0,2026-10-02,1,11.0,23.0,44.347826086956516,sawa
6,BRUTA FRUIT 330ML,Beer,C,18.0,3171.23,57082.14,2026-10-03,0,132.0,192.0,5.625,sawa
110,TAN PORT,Wines,-,7.0,8000.0,56000.0,2026-07-15,80,0.0,0.0,,rudisha / punguza bei; acha kuagiza
118,BALTIKA,Beer,C,16.0,3166.67,50666.72,2026-10-03,0,15.0,29.0,33.10344827586207,sawa
4,TZEE LEMON && GINGER 750ML,SPIRIT,C,4.0,12000.0,48000.0,2026-09-25,8,3.0,8.0,30.0,sawa
90,ROBERTSON,Wines,-,3.0,16000.0,48000.0,2026-06-28,97,0.0,0.0,,rudisha / punguza bei; acha kuagiza
55,ABSOLUTE VODKA,WISKY,-,1.0,46000.0,46000.0,2026-06-28,97,0.0,0.0,,rudisha / punguza bei; acha kuagiza
28,FOUR  COUSIN 75OML,Wines,C,3.0,15000.0,45000.0,2026-09-26,7,2.0,3.0,60.0,acha kuagiza hadi stock ishuke
53,BALLANTINES,WISKY,-,1.0,44000.0,44000.0,2026-05-14,142,0.0,0.0,,rudisha / punguza bei; acha kuagiza
81,IMAGI,Beer,C,13.0,3354.17,43604.21,2026-10-03,0,15.0,17.0,45.88235294117647,acha kuagiza hadi stock ishuke
41,HANS CHOICE,BRAND,C,4.0,10500.0,42000.0,2026-10-02,1,2.0,2.0,120.0,acha kuagiza hadi stock ishuke
134,ORIJIN BITTERS,SPIRIT,C,10.0,4166.7,41667.0,2026-09-18,15,1.0,2.0,300.0,punguza bei; acha kuagiza
103,MA-LOT CHUPA,Wines,C,5.0,8000.0,40000.0,2026-09-28,5,1.0,2.0,150.0,punguza bei; acha kuagiza
94,AZAM JUICE,JUICE,C,12.0,3166.67,38000.04,2026-10-03,0,31.0,43.0,16.74418604651163,sawa
15,TZEE GIN 200ML,GIN,C,10.0,3625.0,36250.0,2026-08-15,49,0.0,1.0,600.0,punguza bei; acha kuagiza
83,JB RARE,WISKY,C,3.0,11500.0,34500.0,2026-09-18,15,9.0,15.0,12.0,sawa
123,Safari Lager Can,Beer,C,16.0,2125.0,34000.0,2026-10-01,2,8.0,19.0,50.526315789473685,acha kuagiza hadi stock ishuke
14,CAPTAIN MORGAN 750ML,BRAND,C,2.0,16166.67,32333.34,2026-10-03,0,4.0,10.0,12.0,sawa
85,TZEE GIN,SPIRIT,-,3.0,10250.0,30750.0,2026-07-19,76,0.0,0.0,,rudisha / punguza bei; acha kuagiza
51,BONGO DON,GIN,-,3.0,10000.0,30000.0,,,0.0,0.0,,rudisha / punguza bei; acha kuagiza
48,BONGO DON,SPIRIT,-,12.0,2464.0,29568.0,,,0.0,0.0,,rudisha / punguza bei; acha kuagiza
132,FOUR COUSIN DREAM CREAM,Beer,C,1.0,27000.0,27000.0,2026-08-10,54,0.0,1.0,60.0,acha kuagiza hadi stock ishuke
73,MAGIC MOMENTS,GIN,C,2.0,11000.0,22000.0,2026-09-19,14,2.0,5.0,24.0,sawa
101,JAMESON,VODKA,-,1.0,22000.0,22000.0,,,0.0,0.0,,rudisha / punguza bei; acha kuagiza
119,SMIRNOFF ICE,Beer,C,9.0,2360.0,21240.0,2026-09-24,9,2.0,2.0,270.0,punguza bei; acha kuagiza
63,IMAGE,Wines,C,2.0,10000.0,20000.0,2026-08-20,44,0.0,2.0,60.0,acha kuagiza hadi stock ishuke
89,MAGICMOMENTS,WISKY,C,1.0,20000.0,20000.0,2026-08-18,46,0.0,2.0,30.0,sawa
104,MA-LOT POTCH,Wines,-,1.0,20000.0,20000.0,,,0.0,0.0,,rudisha / punguza bei; acha kuagiza
112,TANZANITE ROYAL GIN,GIN,-,2.0,8300.0,16600.0,,,0.0,0.0,,rudisha / punguza bei; acha kuagiza
105,MOON LIGHT,Beer,-,2.0,8166.0,16332.0,,,0.0,0.0,,rudisha / punguza bei; acha kuagiza
54,ABSOLUTE VODKA,WISKY,C,1.0,16000.0,16000.0,2026-09-08,25,1.0,1.0,60.0,acha kuagiza hadi stock ishuke
35,BALLANTINES  200ML,SPIRIT,C,1.0,15000.0,15000.0,2026-10-02,1,1.0,2.0,30.0,sawa
122,GRANTS,WISKY,-,1.0,12000.0,12000.0,2026-06-13,112,0.0,0.0,,rudisha / punguza bei; acha kuagiza
26,KILIMANJARO LIGHT 330ML,Beer,C,6.0,1929.17,11575.02,2026-09-30,3,52.0,74.0,4.864864864864865,sawa
75,RENDEZ CHAMPAIGNE,Wines,C,1.0,11000.0,11000.0,2026-09-20,13,1.0,1.0,60.0,acha kuagiza hadi stock ishuke
56,GORDONS,GIN,-,3.0,3483.0,10449.0,2026-06-28,97,0.0,0.0,,rudisha / punguza bei; acha kuagiza
61,HEAVEN SUN WINE,Wines,-,1.0,10000.0,10000.0,2026-06-21,104,0.0,0.0,,rudisha / punguza bei; acha kuagiza
87,DODOMA WINE,Wines,C,1.0,10000.0,10000.0,2026-08-29,35,0.0,2.0,30.0,sawa
130,HILL WATER SPARKLE,Beer,C,12.0,833.33,9999.960000000001,2026-10-01,2,4.0,8.0,90.0,acha kuagiza hadi stock ishuke
58,GOLDEN KING,SPIRIT,-,5.0,1736.08,8680.4,2026-07-09,86,0.0,0.0,,rudisha / punguza bei; acha kuagiza
95,SEQUAR,MAJI,C,5.0,708.33,3541.65,2026-10-03,0,23.0,95.0,3.1578947368421053,sawa
31,CHROME 200ML,GIN,-,1.0,3500.0,3500.0,2026-02-03,242,0.0,0.0,,rudisha / punguza bei; acha kuagiza
36,CAMINO KUPIMA,WISKY,C,1.0,1000.0,1000.0,2026-05-31,125,0.0,0.0,,rudisha / punguza bei; acha kuagiza
11,AFYA MAJI 600ML,MAJI,C,3.0,316.67,950.01,2026-10-03,0,253.0,498.0,0.36144578313253006,sawa
91,WINE ZA KUPIMA,Wines,C,1.0,500.0,500.0,2026-07-28,67,0.0,0.0,,rudisha / punguza bei; acha kuagiza
40,SINGSUNG MAJI,MAJI,C,1.0,366.67,366.67,2026-09-23,10,179.0,659.0,0.09104704097116845,sawa
