kipaumbele,daraja,kundi,id,bidhaa,tatizo,hatua,skrini
1,A,1. Bila kipimo,9,Castle Lite Can 330ML,"Haina kipimo: lebo inaonesha ""pkg"" na ukubwa hauongezwi kwenye jina (pcs/pkg = 24).","Products > Hariri > Kipimo: chagua kipimo ""Caton 330ML (ctn)"" au ""Create 330ML (crt)"" (katoni au kreti, kulingana na inavyonunuliwa). Jina libaki lilivyo (lebo mpya hairudii ukubwa uliomo kwenye jina).",Products
2,A,1. Bila kipimo,27,FLY FISH LEMON 330ML,"Haina kipimo: lebo inaonesha ""pkg"" na ukubwa hauongezwi kwenye jina (pcs/pkg = 20).","Products > Hariri > Kipimo: chagua kipimo ""Caton 330ML (ctn)"" au ""Create 330ML (crt)"" (katoni au kreti, kulingana na inavyonunuliwa). Jina libaki lilivyo (lebo mpya hairudii ukubwa uliomo kwenye jina).",Products
3,A,1. Bila kipimo,47,GRAND MALTA,"Haina kipimo: lebo inaonesha ""pkg"" na ukubwa hauongezwi kwenye jina (pcs/pkg = 24).","Thibitisha ukubwa wa bidhaa (ML/LT) na inavyonunuliwa (katoni/kreti), kisha Products > Hariri > Kipimo: chagua kipimo hicho (kiunde kwenye Item Measure kama hakipo).",Products
4,A,1. Bila kipimo,33,KONYAGI 750ML,"Haina kipimo: lebo inaonesha ""pkg"" na ukubwa hauongezwi kwenye jina (pcs/pkg = 12).","Products > Hariri > Kipimo: chagua kipimo ""Caton 750ml (ctn)"". Jina libaki lilivyo (lebo mpya hairudii ukubwa uliomo kwenye jina).",Products
5,A,1. Bila kipimo,50,SAFARI LAGER 500ML,"Haina kipimo: lebo inaonesha ""pkg"" na ukubwa hauongezwi kwenye jina (pcs/pkg = 20).","Products > Hariri > Kipimo: chagua kipimo ""Caton 500ML (ctn)"" au ""Create 500ML (crt)"" (katoni au kreti, kulingana na inavyonunuliwa). Jina libaki lilivyo (lebo mpya hairudii ukubwa uliomo kwenye jina).",Products
6,,1. Bila kipimo,11,AFYA MAJI 600ML,"Haina kipimo: lebo inaonesha ""pkg"" na ukubwa hauongezwi kwenye jina (pcs/pkg = 12).","Products > Hariri > Kipimo: kipimo cha katoni/kreti cha 600ML hakipo: kiunde kwanza kwenye Item Measure (mf. Caton 600ML, ctn), kisha kichague. Jina libaki lilivyo (lebo mpya hairudii ukubwa uliomo kwenye jina).",Products
7,,1. Bila kipimo,94,AZAM JUICE,"Haina kipimo: lebo inaonesha ""pkg"" na ukubwa hauongezwi kwenye jina (pcs/pkg = 6).","Thibitisha ukubwa wa bidhaa (ML/LT) na inavyonunuliwa (katoni/kreti), kisha Products > Hariri > Kipimo: chagua kipimo hicho (kiunde kwenye Item Measure kama hakipo).",Products
8,,1. Bila kipimo,131,Azam ukwaju kb,"Haina kipimo: lebo inaonesha ""pkg"" na ukubwa hauongezwi kwenye jina (pcs/pkg = 12).","Thibitisha ukubwa wa bidhaa (ML/LT) na inavyonunuliwa (katoni/kreti), kisha Products > Hariri > Kipimo: chagua kipimo hicho (kiunde kwenye Item Measure kama hakipo).",Products
9,,1. Bila kipimo,35,BALLANTINES  200ML,"Haina kipimo: lebo inaonesha ""pkg"" na ukubwa hauongezwi kwenye jina (pcs/pkg = 24).","Products > Hariri > Kipimo: chagua kipimo ""Caton 200ML (ctn)"". Jina libaki lilivyo (lebo mpya hairudii ukubwa uliomo kwenye jina).",Products
10,,1. Bila kipimo,30,BLACK AND WHITE,"Haina kipimo: lebo inaonesha ""pkg"" na ukubwa hauongezwi kwenye jina (pcs/pkg = 12).","Thibitisha ukubwa wa bidhaa (ML/LT) na inavyonunuliwa (katoni/kreti), kisha Products > Hariri > Kipimo: chagua kipimo hicho (kiunde kwenye Item Measure kama hakipo).",Products
11,,1. Bila kipimo,42,BLACK AND WHITE 200ML,"Haina kipimo: lebo inaonesha ""pkg"" na ukubwa hauongezwi kwenye jina (pcs/pkg = 24).","Products > Hariri > Kipimo: chagua kipimo ""Caton 200ML (ctn)"". Jina libaki lilivyo (lebo mpya hairudii ukubwa uliomo kwenye jina).",Products
12,,1. Bila kipimo,6,BRUTA FRUIT 330ML,"Haina kipimo: lebo inaonesha ""pkg"" na ukubwa hauongezwi kwenye jina (pcs/pkg = 24).","Products > Hariri > Kipimo: chagua kipimo ""Caton 330ML (ctn)"" au ""Create 330ML (crt)"" (katoni au kreti, kulingana na inavyonunuliwa). Jina libaki lilivyo (lebo mpya hairudii ukubwa uliomo kwenye jina).",Products
13,,1. Bila kipimo,36,CAMINO KUPIMA,"Haina kipimo: lebo inaonesha ""pkg"" na ukubwa hauongezwi kwenye jina (pcs/pkg = tupu).","Inauzwa kwa kupima, haina kifurushi: hakuna cha kufanya (lebo itaonesha jina na kategoria tu).",Products
14,,1. Bila kipimo,17,CAPTAIN MOGRAN 200ML,"Haina kipimo: lebo inaonesha ""pkg"" na ukubwa hauongezwi kwenye jina (pcs/pkg = 24).","Products > Hariri > Kipimo: chagua kipimo ""Caton 200ML (ctn)"". Jina libaki lilivyo (lebo mpya hairudii ukubwa uliomo kwenye jina).",Products
15,,1. Bila kipimo,14,CAPTAIN MORGAN 750ML,"Haina kipimo: lebo inaonesha ""pkg"" na ukubwa hauongezwi kwenye jina (pcs/pkg = 12).","Products > Hariri > Kipimo: chagua kipimo ""Caton 750ml (ctn)"". Jina libaki lilivyo (lebo mpya hairudii ukubwa uliomo kwenye jina).",Products
16,,1. Bila kipimo,31,CHROME 200ML,"Haina kipimo: lebo inaonesha ""pkg"" na ukubwa hauongezwi kwenye jina (pcs/pkg = 24).","Products > Hariri > Kipimo: chagua kipimo ""Caton 200ML (ctn)"". Jina libaki lilivyo (lebo mpya hairudii ukubwa uliomo kwenye jina).",Products
17,,1. Bila kipimo,18,DEFENDER ENERGY 200ML,"Haina kipimo: lebo inaonesha ""pkg"" na ukubwa hauongezwi kwenye jina (pcs/pkg = 12).","Products > Hariri > Kipimo: chagua kipimo ""Caton 200ML (ctn)"". Jina libaki lilivyo (lebo mpya hairudii ukubwa uliomo kwenye jina).",Products
18,,1. Bila kipimo,16,DESPERADO 200ML,"Haina kipimo: lebo inaonesha ""pkg"" na ukubwa hauongezwi kwenye jina (pcs/pkg = 24).","Products > Hariri > Kipimo: chagua kipimo ""Caton 200ML (ctn)"". Jina libaki lilivyo (lebo mpya hairudii ukubwa uliomo kwenye jina).",Products
19,,1. Bila kipimo,28,FOUR  COUSIN 75OML,"Haina kipimo: lebo inaonesha ""pkg"" na ukubwa hauongezwi kwenye jina (pcs/pkg = 12).","Products > Hariri > Kipimo: chagua kipimo ""Caton 750ml (ctn)"". Jina libaki lilivyo (lebo mpya hairudii ukubwa uliomo kwenye jina).",Products
20,,1. Bila kipimo,66,GILBEYS KUPIMA,"Haina kipimo: lebo inaonesha ""pkg"" na ukubwa hauongezwi kwenye jina (pcs/pkg = tupu).","Inauzwa kwa kupima, haina kifurushi: hakuna cha kufanya (lebo itaonesha jina na kategoria tu).",Products
21,,1. Bila kipimo,65,GOLDEN KING KUPIMA,"Haina kipimo: lebo inaonesha ""pkg"" na ukubwa hauongezwi kwenye jina (pcs/pkg = tupu).","Inauzwa kwa kupima, haina kifurushi: hakuna cha kufanya (lebo itaonesha jina na kategoria tu).",Products
22,,1. Bila kipimo,10,HANSON CHOICE 200ML,"Haina kipimo: lebo inaonesha ""pkg"" na ukubwa hauongezwi kwenye jina (pcs/pkg = 30).","Products > Hariri > Kipimo: chagua kipimo ""Caton 200ML (ctn)"". Jina libaki lilivyo (lebo mpya hairudii ukubwa uliomo kwenye jina).",Products
23,,1. Bila kipimo,2,IMAGE RED 250ML,"Haina kipimo: lebo inaonesha ""pkg"" na ukubwa hauongezwi kwenye jina (pcs/pkg = 24).","Products > Hariri > Kipimo: chagua kipimo ""Caton 250ML (ctn)"" au ""Create 250 ML (crt)"" (katoni au kreti, kulingana na inavyonunuliwa). Jina libaki lilivyo (lebo mpya hairudii ukubwa uliomo kwenye jina).",Products
24,,1. Bila kipimo,24,K VANT 250ML,"Haina kipimo: lebo inaonesha ""pkg"" na ukubwa hauongezwi kwenye jina (pcs/pkg = 24).","Products > Hariri > Kipimo: chagua kipimo ""Caton 250ML (ctn)"" au ""Create 250 ML (crt)"" (katoni au kreti, kulingana na inavyonunuliwa). Jina libaki lilivyo (lebo mpya hairudii ukubwa uliomo kwenye jina).",Products
25,,1. Bila kipimo,26,KILIMANJARO LIGHT 330ML,"Haina kipimo: lebo inaonesha ""pkg"" na ukubwa hauongezwi kwenye jina (pcs/pkg = 24).","Products > Hariri > Kipimo: chagua kipimo ""Caton 330ML (ctn)"" au ""Create 330ML (crt)"" (katoni au kreti, kulingana na inavyonunuliwa). Jina libaki lilivyo (lebo mpya hairudii ukubwa uliomo kwenye jina).",Products
26,,1. Bila kipimo,52,KONYAGI YA KUPIMA,"Haina kipimo: lebo inaonesha ""pkg"" na ukubwa hauongezwi kwenye jina (pcs/pkg = 1).","Inauzwa kwa kupima, haina kifurushi: hakuna cha kufanya (lebo itaonesha jina na kategoria tu).",Products
27,,1. Bila kipimo,8,REDS CAN 330ML,"Haina kipimo: lebo inaonesha ""pkg"" na ukubwa hauongezwi kwenye jina (pcs/pkg = 24).","Products > Hariri > Kipimo: chagua kipimo ""Caton 330ML (ctn)"" au ""Create 330ML (crt)"" (katoni au kreti, kulingana na inavyonunuliwa). Jina libaki lilivyo (lebo mpya hairudii ukubwa uliomo kwenye jina).",Products
28,,1. Bila kipimo,19,SAVANA 330ML,"Haina kipimo: lebo inaonesha ""pkg"" na ukubwa hauongezwi kwenye jina (pcs/pkg = 24).","Products > Hariri > Kipimo: chagua kipimo ""Caton 330ML (ctn)"" au ""Create 330ML (crt)"" (katoni au kreti, kulingana na inavyonunuliwa). Jina libaki lilivyo (lebo mpya hairudii ukubwa uliomo kwenye jina).",Products
29,,1. Bila kipimo,15,TZEE GIN 200ML,"Haina kipimo: lebo inaonesha ""pkg"" na ukubwa hauongezwi kwenye jina (pcs/pkg = 24).","Products > Hariri > Kipimo: chagua kipimo ""Caton 200ML (ctn)"". Jina libaki lilivyo (lebo mpya hairudii ukubwa uliomo kwenye jina).",Products
30,,1. Bila kipimo,20,TZEE lemon && Ginger 200ML,"Haina kipimo: lebo inaonesha ""pkg"" na ukubwa hauongezwi kwenye jina (pcs/pkg = 24).","Products > Hariri > Kipimo: chagua kipimo ""Caton 200ML (ctn)"". Jina libaki lilivyo (lebo mpya hairudii ukubwa uliomo kwenye jina).",Products
31,,1. Bila kipimo,4,TZEE LEMON && GINGER 750ML,"Haina kipimo: lebo inaonesha ""pkg"" na ukubwa hauongezwi kwenye jina (pcs/pkg = 12).","Products > Hariri > Kipimo: chagua kipimo ""Caton 750ml (ctn)"". Jina libaki lilivyo (lebo mpya hairudii ukubwa uliomo kwenye jina).",Products
32,,1. Bila kipimo,29,UHAI MAJI 500ML,"Haina kipimo: lebo inaonesha ""pkg"" na ukubwa hauongezwi kwenye jina (pcs/pkg = 12).","Products > Hariri > Kipimo: chagua kipimo ""Caton 500ML (ctn)"" au ""Create 500ML (crt)"" (katoni au kreti, kulingana na inavyonunuliwa). Jina libaki lilivyo (lebo mpya hairudii ukubwa uliomo kwenye jina).",Products
33,,1. Bila kipimo,1,VALEUR BRAND 200ML,"Haina kipimo: lebo inaonesha ""pkg"" na ukubwa hauongezwi kwenye jina (pcs/pkg = 24).","Products > Hariri > Kipimo: chagua kipimo ""Caton 200ML (ctn)"". Jina libaki lilivyo (lebo mpya hairudii ukubwa uliomo kwenye jina).",Products
34,,1. Bila kipimo,91,WINE ZA KUPIMA,"Haina kipimo: lebo inaonesha ""pkg"" na ukubwa hauongezwi kwenye jina (pcs/pkg = tupu).","Inauzwa kwa kupima, haina kifurushi: hakuna cha kufanya (lebo itaonesha jina na kategoria tu).",Products
35,,1. Bila kipimo,22,YAKET MAJI 1.8LT,"Haina kipimo: lebo inaonesha ""pkg"" na ukubwa hauongezwi kwenye jina (pcs/pkg = 6).","Products > Hariri > Kipimo: kipimo cha katoni/kreti cha 1.8LT hakipo: kiunde kwanza kwenye Item Measure (mf. Caton 1.8LT, ctn), kisha kichague. Jina libaki lilivyo (lebo mpya hairudii ukubwa uliomo kwenye jina).",Products
36,,1. Bila kipimo,7,YAKET MAJI 600ML,"Haina kipimo: lebo inaonesha ""pkg"" na ukubwa hauongezwi kwenye jina (pcs/pkg = 12).","Products > Hariri > Kipimo: kipimo cha katoni/kreti cha 600ML hakipo: kiunde kwanza kwenye Item Measure (mf. Caton 600ML, ctn), kisha kichague. Jina libaki lilivyo (lebo mpya hairudii ukubwa uliomo kwenye jina).",Products
37,,1. Bila kipimo,43,ZAWADIBU,"Haina kipimo: lebo inaonesha ""pkg"" na ukubwa hauongezwi kwenye jina (pcs/pkg = 12).","Thibitisha ukubwa wa bidhaa (ML/LT) na inavyonunuliwa (katoni/kreti), kisha Products > Hariri > Kipimo: chagua kipimo hicho (kiunde kwenye Item Measure kama hakipo).",Products
38,,"2. Kipimo cha chupa, inanunuliwa kwa kifurushi",55,ABSOLUTE VODKA,"Kipimo ni ""Botle 750ML (btl)"" lakini kifurushi kina vipande 12: lebo inasema ""12 pcs/btl"" badala ya katoni/kreti.","Products > Hariri > Kipimo: badilisha kutoka ""Botle 750ML (btl)""; chagua kipimo ""Caton 750ml (ctn)"".",Products
39,,"2. Kipimo cha chupa, inanunuliwa kwa kifurushi",54,ABSOLUTE VODKA,"Kipimo ni ""Botle 200ml (btl)"" lakini kifurushi kina vipande 24: lebo inasema ""24 pcs/btl"" badala ya katoni/kreti.","Products > Hariri > Kipimo: badilisha kutoka ""Botle 200ml (btl)""; chagua kipimo ""Caton 200ML (ctn)"".",Products
40,,"2. Kipimo cha chupa, inanunuliwa kwa kifurushi",49,AFYA,"Kipimo ni ""Botle 1.8LT (btl)"" lakini kifurushi kina vipande 6: lebo inasema ""6 pcs/btl"" badala ya katoni/kreti.","Products > Hariri > Kipimo: badilisha kutoka ""Botle 1.8LT (btl)""; kipimo cha katoni/kreti cha 1.8LT hakipo: kiunde kwanza kwenye Item Measure (mf. Caton 1.8LT, ctn), kisha kichague.",Products
41,,"2. Kipimo cha chupa, inanunuliwa kwa kifurushi",135,AZAM APPLE PUNCH,"Kipimo ni ""Botle 200ml (btl)"" lakini kifurushi kina vipande 24: lebo inasema ""24 pcs/btl"" badala ya katoni/kreti.","Products > Hariri > Kipimo: badilisha kutoka ""Botle 200ml (btl)""; chagua kipimo ""Caton 200ML (ctn)"".",Products
42,,"2. Kipimo cha chupa, inanunuliwa kwa kifurushi",136,Azam Energy Chupa,"Kipimo ni ""Botle 200ml (btl)"" lakini kifurushi kina vipande 24: lebo inasema ""24 pcs/btl"" badala ya katoni/kreti.","Products > Hariri > Kipimo: badilisha kutoka ""Botle 200ml (btl)""; chagua kipimo ""Caton 200ML (ctn)"".",Products
43,,"2. Kipimo cha chupa, inanunuliwa kwa kifurushi",137,Azam Malt Coffee,"Kipimo ni ""Botle 200ml (btl)"" lakini kifurushi kina vipande 24: lebo inasema ""24 pcs/btl"" badala ya katoni/kreti.","Products > Hariri > Kipimo: badilisha kutoka ""Botle 200ml (btl)""; chagua kipimo ""Caton 200ML (ctn)"".",Products
44,,"2. Kipimo cha chupa, inanunuliwa kwa kifurushi",53,BALLANTINES,"Kipimo ni ""Botle 750ML (btl)"" lakini kifurushi kina vipande 12: lebo inasema ""12 pcs/btl"" badala ya katoni/kreti.","Products > Hariri > Kipimo: badilisha kutoka ""Botle 750ML (btl)""; chagua kipimo ""Caton 750ml (ctn)"".",Products
45,,"2. Kipimo cha chupa, inanunuliwa kwa kifurushi",48,BONGO DON,"Kipimo ni ""Botle 200ml (btl)"" lakini kifurushi kina vipande 24: lebo inasema ""24 pcs/btl"" badala ya katoni/kreti.","Products > Hariri > Kipimo: badilisha kutoka ""Botle 200ml (btl)""; chagua kipimo ""Caton 200ML (ctn)"".",Products
46,,"2. Kipimo cha chupa, inanunuliwa kwa kifurushi",51,BONGO DON,"Kipimo ni ""Botle 750ML (btl)"" lakini kifurushi kina vipande 12: lebo inasema ""12 pcs/btl"" badala ya katoni/kreti.","Products > Hariri > Kipimo: badilisha kutoka ""Botle 750ML (btl)""; chagua kipimo ""Caton 750ml (ctn)"".",Products
47,,"2. Kipimo cha chupa, inanunuliwa kwa kifurushi",34,CHROME,"Kipimo ni ""Botle 750ML (btl)"" lakini kifurushi kina vipande 12: lebo inasema ""12 pcs/btl"" badala ya katoni/kreti.","Products > Hariri > Kipimo: badilisha kutoka ""Botle 750ML (btl)""; chagua kipimo ""Caton 750ml (ctn)"".",Products
48,,"2. Kipimo cha chupa, inanunuliwa kwa kifurushi",98,COCA & FANTA AWAY,"Kipimo ni ""Botle 750ML (btl)"" lakini kifurushi kina vipande 12: lebo inasema ""12 pcs/btl"" badala ya katoni/kreti.","Products > Hariri > Kipimo: badilisha kutoka ""Botle 750ML (btl)""; chagua kipimo ""Caton 750ml (ctn)"".",Products
49,,"2. Kipimo cha chupa, inanunuliwa kwa kifurushi",87,DODOMA WINE,"Kipimo ni ""Botle 750ML (btl)"" lakini kifurushi kina vipande 12: lebo inasema ""12 pcs/btl"" badala ya katoni/kreti.","Products > Hariri > Kipimo: badilisha kutoka ""Botle 750ML (btl)""; chagua kipimo ""Caton 750ml (ctn)"".",Products
50,,"2. Kipimo cha chupa, inanunuliwa kwa kifurushi",86,DOMPO,"Kipimo ni ""Botle 750ML (btl)"" lakini kifurushi kina vipande 12: lebo inasema ""12 pcs/btl"" badala ya katoni/kreti.","Products > Hariri > Kipimo: badilisha kutoka ""Botle 750ML (btl)""; chagua kipimo ""Caton 750ml (ctn)"".",Products
51,,"2. Kipimo cha chupa, inanunuliwa kwa kifurushi",132,FOUR COUSIN DREAM CREAM,"Kipimo ni ""Botle 500ML (btl)"" lakini kifurushi kina vipande 12: lebo inasema ""12 pcs/btl"" badala ya katoni/kreti.","Products > Hariri > Kipimo: badilisha kutoka ""Botle 500ML (btl)""; chagua kipimo ""Caton 500ML (ctn)"" au ""Create 500ML (crt)"" (katoni au kreti, kulingana na inavyonunuliwa).",Products
52,,"2. Kipimo cha chupa, inanunuliwa kwa kifurushi",71,GRANTS,"Kipimo ni ""Bottle 375 ML (BT)"" lakini kifurushi kina vipande 24: lebo inasema ""24 pcs/BT"" badala ya katoni/kreti.","Products > Hariri > Kipimo: badilisha kutoka ""Bottle 375 ML (BT)""; chagua kipimo ""create 375ML (crt)"".",Products
53,,"2. Kipimo cha chupa, inanunuliwa kwa kifurushi",61,HEAVEN SUN WINE,"Kipimo ni ""Botle 750ML (btl)"" lakini kifurushi kina vipande 12: lebo inasema ""12 pcs/btl"" badala ya katoni/kreti.","Products > Hariri > Kipimo: badilisha kutoka ""Botle 750ML (btl)""; chagua kipimo ""Caton 750ml (ctn)"".",Products
54,,"2. Kipimo cha chupa, inanunuliwa kwa kifurushi",129,HILL WATER SPAKLE,"Kipimo ni ""Botle 750ML (btl)"" lakini kifurushi kina vipande 12: lebo inasema ""12 pcs/btl"" badala ya katoni/kreti.","Products > Hariri > Kipimo: badilisha kutoka ""Botle 750ML (btl)""; chagua kipimo ""Caton 750ml (ctn)"".",Products
55,,"2. Kipimo cha chupa, inanunuliwa kwa kifurushi",63,IMAGE,"Kipimo ni ""Botle 750ML (btl)"" lakini kifurushi kina vipande 12: lebo inasema ""12 pcs/btl"" badala ya katoni/kreti.","Products > Hariri > Kipimo: badilisha kutoka ""Botle 750ML (btl)""; chagua kipimo ""Caton 750ml (ctn)"".",Products
56,,"2. Kipimo cha chupa, inanunuliwa kwa kifurushi",128,JAGGER MASTER,"Kipimo ni ""Bottle 1L (bt)"" lakini kifurushi kina vipande 6: lebo inasema ""6 pcs/bt"" badala ya katoni/kreti.","Products > Hariri > Kipimo: badilisha kutoka ""Bottle 1L (bt)""; kipimo cha katoni/kreti cha 1L hakipo: kiunde kwanza kwenye Item Measure (mf. Caton 1L, ctn), kisha kichague.",Products
57,,"2. Kipimo cha chupa, inanunuliwa kwa kifurushi",84,JB RARE,"Kipimo ni ""Botle 750ML (btl)"" lakini kifurushi kina vipande 12: lebo inasema ""12 pcs/btl"" badala ya katoni/kreti.","Products > Hariri > Kipimo: badilisha kutoka ""Botle 750ML (btl)""; chagua kipimo ""Caton 750ml (ctn)"".",Products
58,,"2. Kipimo cha chupa, inanunuliwa kwa kifurushi",83,JB RARE,"Kipimo ni ""Botle 200ml (btl)"" lakini kifurushi kina vipande 24: lebo inasema ""24 pcs/btl"" badala ya katoni/kreti.","Products > Hariri > Kipimo: badilisha kutoka ""Botle 200ml (btl)""; chagua kipimo ""Caton 200ML (ctn)"".",Products
59,,"2. Kipimo cha chupa, inanunuliwa kwa kifurushi",103,MA-LOT CHUPA,"Kipimo ni ""Botle 750ML (btl)"" lakini kifurushi kina vipande 12: lebo inasema ""12 pcs/btl"" badala ya katoni/kreti.","Products > Hariri > Kipimo: badilisha kutoka ""Botle 750ML (btl)""; chagua kipimo ""Caton 750ml (ctn)"".",Products
60,,"2. Kipimo cha chupa, inanunuliwa kwa kifurushi",106,OLDEN WINE,"Kipimo ni ""Botle 750ML (btl)"" lakini kifurushi kina vipande 12: lebo inasema ""12 pcs/btl"" badala ya katoni/kreti.","Products > Hariri > Kipimo: badilisha kutoka ""Botle 750ML (btl)""; chagua kipimo ""Caton 750ml (ctn)"".",Products
61,,"2. Kipimo cha chupa, inanunuliwa kwa kifurushi",134,ORIJIN BITTERS,"Kipimo ni ""Bottle 250ML (bt)"" lakini kifurushi kina vipande 24: lebo inasema ""24 pcs/bt"" badala ya katoni/kreti.","Products > Hariri > Kipimo: badilisha kutoka ""Bottle 250ML (bt)""; chagua kipimo ""Caton 250ML (ctn)"" au ""Create 250 ML (crt)"" (katoni au kreti, kulingana na inavyonunuliwa).",Products
62,,"2. Kipimo cha chupa, inanunuliwa kwa kifurushi",133,ORIJIN BITTERS,"Kipimo ni ""Botle 750ML (btl)"" lakini kifurushi kina vipande 12: lebo inasema ""12 pcs/btl"" badala ya katoni/kreti.","Products > Hariri > Kipimo: badilisha kutoka ""Botle 750ML (btl)""; chagua kipimo ""Caton 750ml (ctn)"".",Products
63,,"2. Kipimo cha chupa, inanunuliwa kwa kifurushi",107,PEARLY BAY,"Kipimo ni ""Botle 750ML (btl)"" lakini kifurushi kina vipande 12: lebo inasema ""12 pcs/btl"" badala ya katoni/kreti.","Products > Hariri > Kipimo: badilisha kutoka ""Botle 750ML (btl)""; chagua kipimo ""Caton 750ml (ctn)"".",Products
64,,"2. Kipimo cha chupa, inanunuliwa kwa kifurushi",74,PEPSI TAKE AWAY,"Kipimo ni ""Botle 500ML (btl)"" lakini kifurushi kina vipande 12: lebo inasema ""12 pcs/btl"" badala ya katoni/kreti.","Products > Hariri > Kipimo: badilisha kutoka ""Botle 500ML (btl)""; chagua kipimo ""Caton 500ML (ctn)"" au ""Create 500ML (crt)"" (katoni au kreti, kulingana na inavyonunuliwa).",Products
65,,"2. Kipimo cha chupa, inanunuliwa kwa kifurushi",75,RENDEZ CHAMPAIGNE,"Kipimo ni ""Botle 750ML (btl)"" lakini kifurushi kina vipande 12: lebo inasema ""12 pcs/btl"" badala ya katoni/kreti.","Products > Hariri > Kipimo: badilisha kutoka ""Botle 750ML (btl)""; chagua kipimo ""Caton 750ml (ctn)"".",Products
66,,"2. Kipimo cha chupa, inanunuliwa kwa kifurushi",95,SEQUAR,"Kipimo ni ""Botle 1.6LT (btl)"" lakini kifurushi kina vipande 12: lebo inasema ""12 pcs/btl"" badala ya katoni/kreti.","Products > Hariri > Kipimo: badilisha kutoka ""Botle 1.6LT (btl)""; kipimo cha katoni/kreti cha 1.6LT hakipo: kiunde kwanza kwenye Item Measure (mf. Caton 1.6LT, ctn), kisha kichague.",Products
67,,"2. Kipimo cha chupa, inanunuliwa kwa kifurushi",40,SINGSUNG MAJI,"Kipimo ni ""Botle 1.8LT (btl)"" lakini kifurushi kina vipande 12: lebo inasema ""12 pcs/btl"" badala ya katoni/kreti.","Products > Hariri > Kipimo: badilisha kutoka ""Botle 1.8LT (btl)""; kipimo cha katoni/kreti cha 1.8LT hakipo: kiunde kwanza kwenye Item Measure (mf. Caton 1.8LT, ctn), kisha kichague.",Products
68,,"2. Kipimo cha chupa, inanunuliwa kwa kifurushi",110,TAN PORT,"Kipimo ni ""Botle 750ML (btl)"" lakini kifurushi kina vipande 12: lebo inasema ""12 pcs/btl"" badala ya katoni/kreti.","Products > Hariri > Kipimo: badilisha kutoka ""Botle 750ML (btl)""; chagua kipimo ""Caton 750ml (ctn)"".",Products
69,,"2. Kipimo cha chupa, inanunuliwa kwa kifurushi",82,TULLYS,"Kipimo ni ""Botle 750ML (btl)"" lakini kifurushi kina vipande 12: lebo inasema ""12 pcs/btl"" badala ya katoni/kreti.","Products > Hariri > Kipimo: badilisha kutoka ""Botle 750ML (btl)""; chagua kipimo ""Caton 750ml (ctn)"".",Products
70,,"2. Kipimo cha chupa, inanunuliwa kwa kifurushi",85,TZEE GIN,"Kipimo ni ""Botle 750ML (btl)"" lakini kifurushi kina vipande 12: lebo inasema ""12 pcs/btl"" badala ya katoni/kreti.","Products > Hariri > Kipimo: badilisha kutoka ""Botle 750ML (btl)""; chagua kipimo ""Caton 750ml (ctn)"".",Products
71,,"2. Kipimo cha chupa, inanunuliwa kwa kifurushi",80,UHAI MAJI,"Kipimo ni ""Botle 1.6LT (btl)"" lakini kifurushi kina vipande 6: lebo inasema ""6 pcs/btl"" badala ya katoni/kreti.","Products > Hariri > Kipimo: badilisha kutoka ""Botle 1.6LT (btl)""; kipimo cha katoni/kreti cha 1.6LT hakipo: kiunde kwanza kwenye Item Measure (mf. Caton 1.6LT, ctn), kisha kichague.",Products
72,,"2. Kipimo cha chupa, inanunuliwa kwa kifurushi",111,VALEUR,"Kipimo ni ""Botle 750ML (btl)"" lakini kifurushi kina vipande 12: lebo inasema ""12 pcs/btl"" badala ya katoni/kreti.","Products > Hariri > Kipimo: badilisha kutoka ""Botle 750ML (btl)""; chagua kipimo ""Caton 750ml (ctn)"".",Products
73,,3. Bila vipande kwa kifurushi,93,ALTAR WINE,"Vipande kwa kifurushi = tupu (kipimo: Botle 750ML (btl)): hakuna ""N pcs/kifurushi"" kwenye lebo, na manunuzi ya kifurushi kizima hayawezi kuhesabiwa.","Products > Hariri > ""Vipande kwenye paketi nzima"": jaza idadi halisi ya katoni/kreti (mf. 12 kwa 750ML, 24 kwa 200ML). Kama hainunuliwi kwa kifurushi kamwe, weka 1.",Products
74,,3. Bila vipande kwa kifurushi,36,CAMINO KUPIMA,"Vipande kwa kifurushi = tupu (kipimo: hakuna): hakuna ""N pcs/kifurushi"" kwenye lebo, na manunuzi ya kifurushi kizima hayawezi kuhesabiwa.",Inauzwa kwa kupima: acha ilivyo.,Products
75,,3. Bila vipande kwa kifurushi,66,GILBEYS KUPIMA,"Vipande kwa kifurushi = tupu (kipimo: hakuna): hakuna ""N pcs/kifurushi"" kwenye lebo, na manunuzi ya kifurushi kizima hayawezi kuhesabiwa.",Inauzwa kwa kupima: acha ilivyo.,Products
76,,3. Bila vipande kwa kifurushi,65,GOLDEN KING KUPIMA,"Vipande kwa kifurushi = tupu (kipimo: hakuna): hakuna ""N pcs/kifurushi"" kwenye lebo, na manunuzi ya kifurushi kizima hayawezi kuhesabiwa.",Inauzwa kwa kupima: acha ilivyo.,Products
77,,3. Bila vipande kwa kifurushi,122,GRANTS,"Vipande kwa kifurushi = tupu (kipimo: Botle 200ml (btl)): hakuna ""N pcs/kifurushi"" kwenye lebo, na manunuzi ya kifurushi kizima hayawezi kuhesabiwa.","Products > Hariri > ""Vipande kwenye paketi nzima"": jaza idadi halisi ya katoni/kreti (mf. 12 kwa 750ML, 24 kwa 200ML). Kama hainunuliwi kwa kifurushi kamwe, weka 1.",Products
78,,3. Bila vipande kwa kifurushi,120,GRANTS NO GLASS,"Vipande kwa kifurushi = tupu (kipimo: Botle 750ML (btl)): hakuna ""N pcs/kifurushi"" kwenye lebo, na manunuzi ya kifurushi kizima hayawezi kuhesabiwa.","Products > Hariri > ""Vipande kwenye paketi nzima"": jaza idadi halisi ya katoni/kreti (mf. 12 kwa 750ML, 24 kwa 200ML). Kama hainunuliwi kwa kifurushi kamwe, weka 1.",Products
79,,3. Bila vipande kwa kifurushi,121,GRANTS WITH GLASS,"Vipande kwa kifurushi = tupu (kipimo: Botle 750ML (btl)): hakuna ""N pcs/kifurushi"" kwenye lebo, na manunuzi ya kifurushi kizima hayawezi kuhesabiwa.","Products > Hariri > ""Vipande kwenye paketi nzima"": jaza idadi halisi ya katoni/kreti (mf. 12 kwa 750ML, 24 kwa 200ML). Kama hainunuliwi kwa kifurushi kamwe, weka 1.",Products
80,,3. Bila vipande kwa kifurushi,62,HENNESY,"Vipande kwa kifurushi = tupu (kipimo: Caton 200ML (ctn) + Botle 200ml (btl)): hakuna ""N pcs/kifurushi"" kwenye lebo, na manunuzi ya kifurushi kizima hayawezi kuhesabiwa.","Products > Hariri > ""Vipande kwenye paketi nzima"": jaza idadi halisi ya katoni/kreti (mf. 12 kwa 750ML, 24 kwa 200ML). Kama hainunuliwi kwa kifurushi kamwe, weka 1.",Products
81,,3. Bila vipande kwa kifurushi,100,JAGER MASTER,"Vipande kwa kifurushi = tupu (kipimo: Bottle 350 (btl)): hakuna ""N pcs/kifurushi"" kwenye lebo, na manunuzi ya kifurushi kizima hayawezi kuhesabiwa.","Products > Hariri > ""Vipande kwenye paketi nzima"": jaza idadi halisi ya katoni/kreti (mf. 12 kwa 750ML, 24 kwa 200ML). Kama hainunuliwi kwa kifurushi kamwe, weka 1.",Products
82,,3. Bila vipande kwa kifurushi,77,JAGER MASTER,"Vipande kwa kifurushi = tupu (kipimo: Botle 750ML (btl)): hakuna ""N pcs/kifurushi"" kwenye lebo, na manunuzi ya kifurushi kizima hayawezi kuhesabiwa.","Products > Hariri > ""Vipande kwenye paketi nzima"": jaza idadi halisi ya katoni/kreti (mf. 12 kwa 750ML, 24 kwa 200ML). Kama hainunuliwi kwa kifurushi kamwe, weka 1.",Products
83,,3. Bila vipande kwa kifurushi,96,JAGGER MASTER,"Vipande kwa kifurushi = tupu (kipimo: Botle 200ml (btl)): hakuna ""N pcs/kifurushi"" kwenye lebo, na manunuzi ya kifurushi kizima hayawezi kuhesabiwa.","Products > Hariri > ""Vipande kwenye paketi nzima"": jaza idadi halisi ya katoni/kreti (mf. 12 kwa 750ML, 24 kwa 200ML). Kama hainunuliwi kwa kifurushi kamwe, weka 1.",Products
84,,3. Bila vipande kwa kifurushi,101,JAMESON,"Vipande kwa kifurushi = tupu (kipimo: Botle 200ml (btl)): hakuna ""N pcs/kifurushi"" kwenye lebo, na manunuzi ya kifurushi kizima hayawezi kuhesabiwa.","Products > Hariri > ""Vipande kwenye paketi nzima"": jaza idadi halisi ya katoni/kreti (mf. 12 kwa 750ML, 24 kwa 200ML). Kama hainunuliwi kwa kifurushi kamwe, weka 1.",Products
85,,3. Bila vipande kwa kifurushi,124,JOHN WALKER RED LABEL,"Vipande kwa kifurushi = tupu (kipimo: Caton 200ML (ctn)): hakuna ""N pcs/kifurushi"" kwenye lebo, na manunuzi ya kifurushi kizima hayawezi kuhesabiwa.","Products > Hariri > ""Vipande kwenye paketi nzima"": jaza idadi halisi ya katoni/kreti (mf. 12 kwa 750ML, 24 kwa 200ML). Kama hainunuliwi kwa kifurushi kamwe, weka 1.",Products
86,,3. Bila vipande kwa kifurushi,52,KONYAGI YA KUPIMA,"Vipande kwa kifurushi = 1 (kipimo: hakuna): hakuna ""N pcs/kifurushi"" kwenye lebo, na manunuzi ya kifurushi kizima hayawezi kuhesabiwa.",Inauzwa kwa kupima: acha ilivyo.,Products
87,,3. Bila vipande kwa kifurushi,102,MA-LOT BOX WINE,"Vipande kwa kifurushi = tupu (kipimo: DUMU 5LT (dm)): hakuna ""N pcs/kifurushi"" kwenye lebo, na manunuzi ya kifurushi kizima hayawezi kuhesabiwa.","Products > Hariri > ""Vipande kwenye paketi nzima"": jaza idadi halisi ya katoni/kreti (mf. 12 kwa 750ML, 24 kwa 200ML). Kama hainunuliwi kwa kifurushi kamwe, weka 1.",Products
88,,3. Bila vipande kwa kifurushi,104,MA-LOT POTCH,"Vipande kwa kifurushi = tupu (kipimo: BOX 3LT (BX)): hakuna ""N pcs/kifurushi"" kwenye lebo, na manunuzi ya kifurushi kizima hayawezi kuhesabiwa.","Products > Hariri > ""Vipande kwenye paketi nzima"": jaza idadi halisi ya katoni/kreti (mf. 12 kwa 750ML, 24 kwa 200ML). Kama hainunuliwi kwa kifurushi kamwe, weka 1.",Products
89,,3. Bila vipande kwa kifurushi,73,MAGIC MOMENTS,"Vipande kwa kifurushi = tupu (kipimo: Bottle 375 ML (BT)): hakuna ""N pcs/kifurushi"" kwenye lebo, na manunuzi ya kifurushi kizima hayawezi kuhesabiwa.","Products > Hariri > ""Vipande kwenye paketi nzima"": jaza idadi halisi ya katoni/kreti (mf. 12 kwa 750ML, 24 kwa 200ML). Kama hainunuliwi kwa kifurushi kamwe, weka 1.",Products
90,,3. Bila vipande kwa kifurushi,89,MAGICMOMENTS,"Vipande kwa kifurushi = tupu (kipimo: Botle 750ML (btl)): hakuna ""N pcs/kifurushi"" kwenye lebo, na manunuzi ya kifurushi kizima hayawezi kuhesabiwa.","Products > Hariri > ""Vipande kwenye paketi nzima"": jaza idadi halisi ya katoni/kreti (mf. 12 kwa 750ML, 24 kwa 200ML). Kama hainunuliwi kwa kifurushi kamwe, weka 1.",Products
91,,3. Bila vipande kwa kifurushi,105,MOON LIGHT,"Vipande kwa kifurushi = tupu (kipimo: Botle 750ML (btl)): hakuna ""N pcs/kifurushi"" kwenye lebo, na manunuzi ya kifurushi kizima hayawezi kuhesabiwa.","Products > Hariri > ""Vipande kwenye paketi nzima"": jaza idadi halisi ya katoni/kreti (mf. 12 kwa 750ML, 24 kwa 200ML). Kama hainunuliwi kwa kifurushi kamwe, weka 1.",Products
92,,3. Bila vipande kwa kifurushi,79,Moon Light Kupima,"Vipande kwa kifurushi = tupu (kipimo: Botle 750ML (btl)): hakuna ""N pcs/kifurushi"" kwenye lebo, na manunuzi ya kifurushi kizima hayawezi kuhesabiwa.",Inauzwa kwa kupima: acha ilivyo.,Products
93,,3. Bila vipande kwa kifurushi,90,ROBERTSON,"Vipande kwa kifurushi = tupu (kipimo: Botle 750ML (btl)): hakuna ""N pcs/kifurushi"" kwenye lebo, na manunuzi ya kifurushi kizima hayawezi kuhesabiwa.","Products > Hariri > ""Vipande kwenye paketi nzima"": jaza idadi halisi ya katoni/kreti (mf. 12 kwa 750ML, 24 kwa 200ML). Kama hainunuliwi kwa kifurushi kamwe, weka 1.",Products
94,,3. Bila vipande kwa kifurushi,92,SAINT ANNA,"Vipande kwa kifurushi = tupu (kipimo: Botle 750ML (btl)): hakuna ""N pcs/kifurushi"" kwenye lebo, na manunuzi ya kifurushi kizima hayawezi kuhesabiwa.","Products > Hariri > ""Vipande kwenye paketi nzima"": jaza idadi halisi ya katoni/kreti (mf. 12 kwa 750ML, 24 kwa 200ML). Kama hainunuliwi kwa kifurushi kamwe, weka 1.",Products
95,,3. Bila vipande kwa kifurushi,78,SMIRNOFF VODKA,"Vipande kwa kifurushi = tupu (kipimo: Bottle 375 ML (BT)): hakuna ""N pcs/kifurushi"" kwenye lebo, na manunuzi ya kifurushi kizima hayawezi kuhesabiwa.","Products > Hariri > ""Vipande kwenye paketi nzima"": jaza idadi halisi ya katoni/kreti (mf. 12 kwa 750ML, 24 kwa 200ML). Kama hainunuliwi kwa kifurushi kamwe, weka 1.",Products
96,,3. Bila vipande kwa kifurushi,109,TAN PORT,"Vipande kwa kifurushi = tupu (kipimo: Bottle 375 ML (BT)): hakuna ""N pcs/kifurushi"" kwenye lebo, na manunuzi ya kifurushi kizima hayawezi kuhesabiwa.","Products > Hariri > ""Vipande kwenye paketi nzima"": jaza idadi halisi ya katoni/kreti (mf. 12 kwa 750ML, 24 kwa 200ML). Kama hainunuliwi kwa kifurushi kamwe, weka 1.",Products
97,,3. Bila vipande kwa kifurushi,37,TANPORT,"Vipande kwa kifurushi = 1 (kipimo: DUMU 5LT (dm)): hakuna ""N pcs/kifurushi"" kwenye lebo, na manunuzi ya kifurushi kizima hayawezi kuhesabiwa.","Products > Hariri > ""Vipande kwenye paketi nzima"": jaza idadi halisi ya katoni/kreti (mf. 12 kwa 750ML, 24 kwa 200ML). Kama hainunuliwi kwa kifurushi kamwe, weka 1.",Products
98,,3. Bila vipande kwa kifurushi,112,TANZANITE ROYAL GIN,"Vipande kwa kifurushi = tupu (kipimo: Bottle 250ML (bt)): hakuna ""N pcs/kifurushi"" kwenye lebo, na manunuzi ya kifurushi kizima hayawezi kuhesabiwa.","Products > Hariri > ""Vipande kwenye paketi nzima"": jaza idadi halisi ya katoni/kreti (mf. 12 kwa 750ML, 24 kwa 200ML). Kama hainunuliwi kwa kifurushi kamwe, weka 1.",Products
99,,3. Bila vipande kwa kifurushi,91,WINE ZA KUPIMA,"Vipande kwa kifurushi = tupu (kipimo: hakuna): hakuna ""N pcs/kifurushi"" kwenye lebo, na manunuzi ya kifurushi kizima hayawezi kuhesabiwa.",Inauzwa kwa kupima: acha ilivyo.,Products
100,,4. Vipimo zaidi ya kimoja,62,HENNESY,"Ina vipimo viwili: Caton 200ML (ctn, id 1) + Botle 200ml (btl, id 6). Mfumo sasa utachagua cha kifurushi kwanza, kisha id ndogo.","Products > Hariri > Kipimo: acha kimoja tu (cha katoni), ondoa cha chupa.",Products
101,,5. Tahajia ya kipimo,,KIPIMO id 10: Botle 1.8LT (btl),Tahajia / herufi hazilingani na vipimo vingine (kinatumiwa na bidhaa 2).,"Item Measure > Hariri: aina ya kifurushi ""Botle"" > ""Bottle"". (Inawezekana BAADA ya deploy ya toleo jipya tu.)",Item Measure
102,,5. Tahajia ya kipimo,,KIPIMO id 11: Botle 500ML (btl),Tahajia / herufi hazilingani na vipimo vingine (kinatumiwa na bidhaa 2).,"Item Measure > Hariri: aina ya kifurushi ""Botle"" > ""Bottle"". (Inawezekana BAADA ya deploy ya toleo jipya tu.)",Item Measure
103,,5. Tahajia ya kipimo,,KIPIMO id 12: Botle 1.6LT (btl),Tahajia / herufi hazilingani na vipimo vingine (kinatumiwa na bidhaa 2).,"Item Measure > Hariri: aina ya kifurushi ""Botle"" > ""Bottle"". (Inawezekana BAADA ya deploy ya toleo jipya tu.)",Item Measure
104,,5. Tahajia ya kipimo,,KIPIMO id 14: DUMU 5LT (dm),Tahajia / herufi hazilingani na vipimo vingine (kinatumiwa na bidhaa 3).,"Item Measure > Hariri: aina ya kifurushi ""DUMU"" > ""Dumu"". (Inawezekana BAADA ya deploy ya toleo jipya tu.)",Item Measure
105,,5. Tahajia ya kipimo,,KIPIMO id 15: Bottle 375 ML (BT),Tahajia / herufi hazilingani na vipimo vingine (kinatumiwa na bidhaa 4).,"Item Measure > Hariri: kipimo ""375 ML"" > ""375ML""; kifupi ""BT"" > ""btl"". (Inawezekana BAADA ya deploy ya toleo jipya tu.)",Item Measure
106,,5. Tahajia ya kipimo,,KIPIMO id 17: BOX 3LT (BX),Tahajia / herufi hazilingani na vipimo vingine (kinatumiwa na bidhaa 1).,"Item Measure > Hariri: aina ya kifurushi ""BOX"" > ""Box""; kifupi ""BX"" > ""bx"". (Inawezekana BAADA ya deploy ya toleo jipya tu.)",Item Measure
107,,5. Tahajia ya kipimo,,KIPIMO id 18: Caton 250ML (ctn),Tahajia / herufi hazilingani na vipimo vingine (kinatumiwa na bidhaa 4).,"Item Measure > Hariri: aina ya kifurushi ""Caton"" > ""Carton"". (Inawezekana BAADA ya deploy ya toleo jipya tu.)",Item Measure
108,,5. Tahajia ya kipimo,,KIPIMO id 19: Bottle 250ML (bt),Tahajia / herufi hazilingani na vipimo vingine (kinatumiwa na bidhaa 2).,"Item Measure > Hariri: kifupi ""bt"" > ""btl"". (Inawezekana BAADA ya deploy ya toleo jipya tu.)",Item Measure
109,,5. Tahajia ya kipimo,,KIPIMO id 1: Caton 200ML (ctn),Tahajia / herufi hazilingani na vipimo vingine (kinatumiwa na bidhaa 10).,"Item Measure > Hariri: aina ya kifurushi ""Caton"" > ""Carton"". (Inawezekana BAADA ya deploy ya toleo jipya tu.)",Item Measure
110,,5. Tahajia ya kipimo,,KIPIMO id 20: Caton 300ML (Ctn),Tahajia / herufi hazilingani na vipimo vingine (kinatumiwa na bidhaa 2).,"Item Measure > Hariri: aina ya kifurushi ""Caton"" > ""Carton""; kifupi ""Ctn"" > ""ctn"". (Inawezekana BAADA ya deploy ya toleo jipya tu.)",Item Measure
111,,5. Tahajia ya kipimo,,KIPIMO id 21: Caton 450ML (ctn),Tahajia / herufi hazilingani na vipimo vingine (kinatumiwa na bidhaa 1).,"Item Measure > Hariri: aina ya kifurushi ""Caton"" > ""Carton"". (Inawezekana BAADA ya deploy ya toleo jipya tu.)",Item Measure
112,,5. Tahajia ya kipimo,,KIPIMO id 22: Bottle 350 (btl),Tahajia / herufi hazilingani na vipimo vingine (kinatumiwa na bidhaa 1).,"Item Measure > Hariri: kipimo ""350"" > ""350ML"". (Inawezekana BAADA ya deploy ya toleo jipya tu.)",Item Measure
113,,5. Tahajia ya kipimo,,KIPIMO id 24: Crete 350ML (CRT),Tahajia / herufi hazilingani na vipimo vingine (kinatumiwa na bidhaa 1).,"Item Measure > Hariri: aina ya kifurushi ""Crete"" > ""Create""; kifupi ""CRT"" > ""crt"". (Inawezekana BAADA ya deploy ya toleo jipya tu.)",Item Measure
114,,5. Tahajia ya kipimo,,KIPIMO id 25: Bottle 1L (bt),Tahajia / herufi hazilingani na vipimo vingine (kinatumiwa na bidhaa 1).,"Item Measure > Hariri: kifupi ""bt"" > ""btl"". (Inawezekana BAADA ya deploy ya toleo jipya tu.)",Item Measure
115,,5. Tahajia ya kipimo,,KIPIMO id 26: Create 250 ML (crt),Tahajia / herufi hazilingani na vipimo vingine (kinatumiwa na bidhaa 1).,"Item Measure > Hariri: kipimo ""250 ML"" > ""250ML"". (Inawezekana BAADA ya deploy ya toleo jipya tu.)",Item Measure
116,,5. Tahajia ya kipimo,,KIPIMO id 3: create 375ML (crt),Tahajia / herufi hazilingani na vipimo vingine (kinatumiwa na bidhaa 4).,"Item Measure > Hariri: aina ya kifurushi ""create"" > ""Create"". (Inawezekana BAADA ya deploy ya toleo jipya tu.)",Item Measure
117,,5. Tahajia ya kipimo,,KIPIMO id 5: Caton 330ML (ctn),Tahajia / herufi hazilingani na vipimo vingine (kinatumiwa na bidhaa 9).,"Item Measure > Hariri: aina ya kifurushi ""Caton"" > ""Carton"". (Inawezekana BAADA ya deploy ya toleo jipya tu.)",Item Measure
118,,5. Tahajia ya kipimo,,KIPIMO id 6: Botle 200ml (btl),Tahajia / herufi hazilingani na vipimo vingine (kinatumiwa na bidhaa 10).,"Item Measure > Hariri: aina ya kifurushi ""Botle"" > ""Bottle""; kipimo ""200ml"" > ""200ML"". (Inawezekana BAADA ya deploy ya toleo jipya tu.)",Item Measure
119,,5. Tahajia ya kipimo,,KIPIMO id 7: Botle 750ML (btl),Tahajia / herufi hazilingani na vipimo vingine (kinatumiwa na bidhaa 29).,"Item Measure > Hariri: aina ya kifurushi ""Botle"" > ""Bottle"". (Inawezekana BAADA ya deploy ya toleo jipya tu.)",Item Measure
120,,5. Tahajia ya kipimo,,KIPIMO id 8: Caton 500ML (ctn),Tahajia / herufi hazilingani na vipimo vingine (kinatumiwa na bidhaa 1).,"Item Measure > Hariri: aina ya kifurushi ""Caton"" > ""Carton"". (Inawezekana BAADA ya deploy ya toleo jipya tu.)",Item Measure
121,,5. Tahajia ya kipimo,,KIPIMO id 9: Caton 750ml (ctn),Tahajia / herufi hazilingani na vipimo vingine (kinatumiwa na bidhaa 5).,"Item Measure > Hariri: aina ya kifurushi ""Caton"" > ""Carton""; kipimo ""750ml"" > ""750ML"". (Inawezekana BAADA ya deploy ya toleo jipya tu.)",Item Measure
122,,6. Kipimo kisichotumika,,KIPIMO id 13: Bottle 1.5LT (btl),Hakitumiwi na bidhaa yoyote.,Item Measure > Futa (au kiache kama utakihitaji kwa bidhaa za sehemu ya 2).,Item Measure
123,,6. Kipimo kisichotumika,,KIPIMO id 16: Champainge 750BT (bt),Hakitumiwi na bidhaa yoyote.,Item Measure > Futa (au kiache kama utakihitaji kwa bidhaa za sehemu ya 2).,Item Measure
124,,6. Kipimo kisichotumika,,KIPIMO id 23: Caton 350 (ctn),Hakitumiwi na bidhaa yoyote.,Item Measure > Futa (au kiache kama utakihitaji kwa bidhaa za sehemu ya 2).,Item Measure
